"","Folder","Dataset","Sheet","Question","Old Value","New Value (if any)","Reason (e.g. data entry error, no correction needed)","_uuid","Modified in cleaned dataset?","Name"
"1","Raw_Data","JUNE_JULY_REACH_NGA_Tool_H2RQuant_NEW_KII_23_05_2019_final_2019_07_12_16_06_21","REACH_NGA_Tool_H2RQuant_NEW_KII","category_ok_D_D4_remain_other","All they've left but now returned for farming","farming","wording_hermonization","0019fed7-6780-47c2-8200-84297d972f6b","yes","Monday"
"2","Raw_Data","JUNE_JULY_REACH_NGA_Tool_H2RQuant_NEW_KII_23_05_2019_final_2019_07_12_16_06_21","REACH_NGA_Tool_H2RQuant_NEW_KII","category_ok_D_D4_remain_other","All they've left but now returned for farming","farming","wording_hermonization","03b93a39-580c-4a78-a273-14d5808ee8cd","yes","Monday"
"3","Raw_Data","JUNE_JULY_REACH_NGA_Tool_H2RQuant_NEW_KII_23_05_2019_final_2019_07_12_16_06_21","REACH_NGA_Tool_H2RQuant_NEW_KII","category_ok_D_D4_remain_other","All they have left but now returned for farming","farming","wording_hermonization","055a4e32-a556-4eea-a261-32a9acf23ab8","yes","Monday"
"4","Raw_Data","JUNE_JULY_REACH_NGA_Tool_H2RQuant_NEW_KII_23_05_2019_final_2019_07_12_16_06_21","REACH_NGA_Tool_H2RQuant_NEW_KII","category_ok_D_D4_remain_other","All they have left but now returned for farming","farming","wording_hermonization","09bf4f94-ed9e-4e4b-a02b-caca66f55798","yes","Monday"
"5","Raw_Data","JUNE_JULY_REACH_NGA_Tool_H2RQuant_NEW_KII_23_05_2019_final_2019_07_12_16_06_21","REACH_NGA_Tool_H2RQuant_NEW_KII","category_ok_D_D4_remain_other","All they have left but now returned for farming","farming","wording_hermonization","0fa9c853-c840-48ee-94c7-c4e2933a9d15","yes","Monday"
"6","Raw_Data","JUNE_JULY_REACH_NGA_Tool_H2RQuant_NEW_KII_23_05_2019_final_2019_07_12_16_06_21","REACH_NGA_Tool_H2RQuant_NEW_KII","category_ok_D_D4_remain_other","All they have left but now returned for farming","farming","wording_hermonization","0fff236c-eab4-45ec-a7fc-45fa73bda79b","yes","Monday"
"7","Raw_Data","JUNE_JULY_REACH_NGA_Tool_H2RQuant_NEW_KII_23_05_2019_final_2019_07_12_16_06_21","REACH_NGA_Tool_H2RQuant_NEW_KII","category_ok_D_D4_remain_other","All they've left but now returned for farming","farming","wording_hermonization","14f51aca-ed81-43a8-abb5-2dcf160327f8","yes","Monday"
"8","Raw_Data","JUNE_JULY_REACH_NGA_Tool_H2RQuant_NEW_KII_23_05_2019_final_2019_07_12_16_06_21","REACH_NGA_Tool_H2RQuant_NEW_KII","category_ok_D_D4_remain_other","All they have left but now returned for farming","farming","wording_hermonization","1564c0e4-7b7f-4170-9638-7247b027dd24","yes","Monday"
"9","Raw_Data","JUNE_JULY_REACH_NGA_Tool_H2RQuant_NEW_KII_23_05_2019_final_2019_07_12_16_06_21","REACH_NGA_Tool_H2RQuant_NEW_KII","category_ok_D_D4_remain_other","All they have left but now returned for farming","farming","wording_hermonization","1571e035-e11f-43bd-9060-82ff94fe7c03","yes","Monday"
"10","Raw_Data","JUNE_JULY_REACH_NGA_Tool_H2RQuant_NEW_KII_23_05_2019_final_2019_07_12_16_06_21","REACH_NGA_Tool_H2RQuant_NEW_KII","category_ok_D_D4_remain_other","All they have left but now returned for farming","farming","wording_hermonization","164122a3-a987-46ef-b3cb-dd6c88b75d37","yes","Monday"
"11","Raw_Data","JUNE_JULY_REACH_NGA_Tool_H2RQuant_NEW_KII_23_05_2019_final_2019_07_12_16_06_21","REACH_NGA_Tool_H2RQuant_NEW_KII","category_ok_D_D4_remain_other","All they have left but now returned for farming","farming","wording_hermonization","183b2948-8405-4c7b-a232-a932aae93da9","yes","Monday"
"12","Raw_Data","JUNE_JULY_REACH_NGA_Tool_H2RQuant_NEW_KII_23_05_2019_final_2019_07_12_16_06_21","REACH_NGA_Tool_H2RQuant_NEW_KII","category_ok_D_D4_remain_other","All they have left but now returned for farming","farming","wording_hermonization","1bb9f196-fd4f-4773-8ac4-ce48396745dd","yes","Monday"
"13","Raw_Data","JUNE_JULY_REACH_NGA_Tool_H2RQuant_NEW_KII_23_05_2019_final_2019_07_12_16_06_21","REACH_NGA_Tool_H2RQuant_NEW_KII","category_ok_D_D4_remain_other","All they have left but now returned for farming","farming","wording_hermonization","2196e983-e466-49b7-855e-bff7b605bdab","yes","Monday"
"14","Raw_Data","JUNE_JULY_REACH_NGA_Tool_H2RQuant_NEW_KII_23_05_2019_final_2019_07_12_16_06_21","REACH_NGA_Tool_H2RQuant_NEW_KII","category_ok_D_D4_remain_other","All they have left but now returned for farming","farming","wording_hermonization","22580b49-1e2d-42e2-91d6-dfc18485d3f8","yes","Monday"
"15","Raw_Data","JUNE_JULY_REACH_NGA_Tool_H2RQuant_NEW_KII_23_05_2019_final_2019_07_12_16_06_21","REACH_NGA_Tool_H2RQuant_NEW_KII","category_ok_D_D4_remain_other","All they have left but now returned for farming","farming","wording_hermonization","26a86c80-7d75-4899-b365-e0016feb61ee","yes","Monday"
"16","Raw_Data","JUNE_JULY_REACH_NGA_Tool_H2RQuant_NEW_KII_23_05_2019_final_2019_07_12_16_06_21","REACH_NGA_Tool_H2RQuant_NEW_KII","category_ok_D_D4_remain_other","All they've left but now returned for farming","farming","wording_hermonization","2868b9e4-c540-4904-bbdb-82fc5061fde3","yes","Monday"
"17","Raw_Data","JUNE_JULY_REACH_NGA_Tool_H2RQuant_NEW_KII_23_05_2019_final_2019_07_12_16_06_21","REACH_NGA_Tool_H2RQuant_NEW_KII","category_ok_D_D4_remain_other","All they have left but now returned for farming","farming","wording_hermonization","2e479e0d-bcaf-4cb7-afb3-f316a9ee2fdd","yes","Monday"
"18","Raw_Data","JUNE_JULY_REACH_NGA_Tool_H2RQuant_NEW_KII_23_05_2019_final_2019_07_12_16_06_21","REACH_NGA_Tool_H2RQuant_NEW_KII","category_ok_D_D4_remain_other","All they have left but now returned for framing","farming","wording_hermonization","2e767424-e2bb-4bc3-8fad-efa18fb9b97a","yes","Monday"
"19","Raw_Data","JUNE_JULY_REACH_NGA_Tool_H2RQuant_NEW_KII_23_05_2019_final_2019_07_12_16_06_21","REACH_NGA_Tool_H2RQuant_NEW_KII","category_ok_D_D4_remain_other","All they have left but now returned for farming","farming","wording_hermonization","2f68b574-5382-4ab8-bee6-a1c6ba639453","yes","Monday"
"20","Raw_Data","JUNE_JULY_REACH_NGA_Tool_H2RQuant_NEW_KII_23_05_2019_final_2019_07_12_16_06_21","REACH_NGA_Tool_H2RQuant_NEW_KII","category_ok_D_D4_remain_other","All they have left but now returned for farming","farming","wording_hermonization","30d73b47-325a-4ca2-bd14-7924c00735ce","yes","Monday"
"21","Raw_Data","JUNE_JULY_REACH_NGA_Tool_H2RQuant_NEW_KII_23_05_2019_final_2019_07_12_16_06_21","REACH_NGA_Tool_H2RQuant_NEW_KII","category_ok_D_D4_remain_other","All they have left but now returned for farming","farming","wording_hermonization","318fda29-7ae5-403c-9c3a-3af040e622ac","yes","Monday"
"22","Raw_Data","JUNE_JULY_REACH_NGA_Tool_H2RQuant_NEW_KII_23_05_2019_final_2019_07_12_16_06_21","REACH_NGA_Tool_H2RQuant_NEW_KII","category_ok_D_D4_remain_other","All they have left but now returned for farming","farming","wording_hermonization","35580e92-715c-4c04-ad95-af9154491e38","yes","Monday"
"23","Raw_Data","JUNE_JULY_REACH_NGA_Tool_H2RQuant_NEW_KII_23_05_2019_final_2019_07_12_16_06_21","REACH_NGA_Tool_H2RQuant_NEW_KII","category_ok_D_D4_remain_other","All they have left but now returned for farming","farming","wording_hermonization","3662614f-8785-4994-a092-7ab48eb82296","yes","Monday"
"24","Raw_Data","JUNE_JULY_REACH_NGA_Tool_H2RQuant_NEW_KII_23_05_2019_final_2019_07_12_16_06_21","REACH_NGA_Tool_H2RQuant_NEW_KII","category_ok_D_D4_remain_other","All they have left but now returned for farming","farming","wording_hermonization","376548b1-e5d9-4519-b74e-7683b090d9b3","yes","Monday"
"25","Raw_Data","JUNE_JULY_REACH_NGA_Tool_H2RQuant_NEW_KII_23_05_2019_final_2019_07_12_16_06_21","REACH_NGA_Tool_H2RQuant_NEW_KII","category_ok_D_D4_remain_other","All they've left but now returned for farming","farming","wording_hermonization","3a2041a1-1a8d-4d71-865a-60625ff24abe","yes","Monday"
"26","Raw_Data","JUNE_JULY_REACH_NGA_Tool_H2RQuant_NEW_KII_23_05_2019_final_2019_07_12_16_06_21","REACH_NGA_Tool_H2RQuant_NEW_KII","category_ok_D_D4_remain_other","All they have left but now returned for farming","farming","wording_hermonization","3cb90e20-4065-48ee-9bf2-464b4bb329ab","yes","Monday"
"27","Raw_Data","JUNE_JULY_REACH_NGA_Tool_H2RQuant_NEW_KII_23_05_2019_final_2019_07_12_16_06_21","REACH_NGA_Tool_H2RQuant_NEW_KII","category_ok_D_D4_remain_other","All they have left but now returned for farming","farming","wording_hermonization","46193bfd-0ebb-44de-a6c7-400c90c396ea","yes","Monday"
"28","Raw_Data","JUNE_JULY_REACH_NGA_Tool_H2RQuant_NEW_KII_23_05_2019_final_2019_07_12_16_06_21","REACH_NGA_Tool_H2RQuant_NEW_KII","category_ok_D_D4_remain_other","All they have left but now returned for farming","farming","wording_hermonization","4cb2ea04-30db-4f0b-bb88-c8e2e9508f45","yes","Monday"
"29","Raw_Data","JUNE_JULY_REACH_NGA_Tool_H2RQuant_NEW_KII_23_05_2019_final_2019_07_12_16_06_21","REACH_NGA_Tool_H2RQuant_NEW_KII","category_ok_D_D4_remain_other","All they have left but now returned for farming","farming","wording_hermonization","4d5b286f-7a94-4873-bb45-caedd41f3cf2","yes","Monday"
"30","Raw_Data","JUNE_JULY_REACH_NGA_Tool_H2RQuant_NEW_KII_23_05_2019_final_2019_07_12_16_06_21","REACH_NGA_Tool_H2RQuant_NEW_KII","category_ok_D_D4_remain_other","All they've left but now returned for farming","farming","wording_hermonization","557cb5ae-1c28-4fe3-8d0c-6050744d8f6d","yes","Monday"
"31","Raw_Data","JUNE_JULY_REACH_NGA_Tool_H2RQuant_NEW_KII_23_05_2019_final_2019_07_12_16_06_21","REACH_NGA_Tool_H2RQuant_NEW_KII","category_ok_D_D4_remain_other","All they have left but now returned for farming","farming","wording_hermonization","58b2e9a4-2a37-421c-b9ee-7831a8395a2a","yes","Monday"
"32","Raw_Data","JUNE_JULY_REACH_NGA_Tool_H2RQuant_NEW_KII_23_05_2019_final_2019_07_12_16_06_21","REACH_NGA_Tool_H2RQuant_NEW_KII","category_ok_D_D4_remain_other","All they have left but now returned for farming","farming","wording_hermonization","59a88c70-2883-4e10-bc09-b89f6637262d","yes","Monday"
"33","Raw_Data","JUNE_JULY_REACH_NGA_Tool_H2RQuant_NEW_KII_23_05_2019_final_2019_07_12_16_06_21","REACH_NGA_Tool_H2RQuant_NEW_KII","category_ok_D_D4_remain_other","All they have left but now returned for farming","farming","wording_hermonization","5afc4ff7-d234-4556-ac52-90052c05cc58","yes","Monday"
"34","Raw_Data","JUNE_JULY_REACH_NGA_Tool_H2RQuant_NEW_KII_23_05_2019_final_2019_07_12_16_06_21","REACH_NGA_Tool_H2RQuant_NEW_KII","category_ok_D_D4_remain_other","All they have left but now returned for farming","farming","wording_hermonization","5ff32903-73c0-422e-8077-45133ae59870","yes","Monday"
"35","Raw_Data","JUNE_JULY_REACH_NGA_Tool_H2RQuant_NEW_KII_23_05_2019_final_2019_07_12_16_06_21","REACH_NGA_Tool_H2RQuant_NEW_KII","category_ok_D_D4_remain_other","All they have left but now returned for farming","farming","wording_hermonization","6183a887-277f-4c57-891a-bcebf226ab54","yes","Monday"
"36","Raw_Data","JUNE_JULY_REACH_NGA_Tool_H2RQuant_NEW_KII_23_05_2019_final_2019_07_12_16_06_21","REACH_NGA_Tool_H2RQuant_NEW_KII","category_ok_D_D4_remain_other","All they have left but now returned for farming","farming","wording_hermonization","642df9fe-f326-43b4-be02-f6f79ec2b2ac","yes","Monday"
"37","Raw_Data","JUNE_JULY_REACH_NGA_Tool_H2RQuant_NEW_KII_23_05_2019_final_2019_07_12_16_06_21","REACH_NGA_Tool_H2RQuant_NEW_KII","category_ok_D_D4_remain_other","All they have left but now returned for farming","farming","wording_hermonization","69342e24-b7df-4ae7-9a3a-cbc986d55ab2","yes","Monday"
"38","Raw_Data","JUNE_JULY_REACH_NGA_Tool_H2RQuant_NEW_KII_23_05_2019_final_2019_07_12_16_06_21","REACH_NGA_Tool_H2RQuant_NEW_KII","category_ok_D_D4_remain_other","People returning temporarily to farm","farming","wording_hermonization","736dc8ab-dc69-4b68-888d-43c2a24919ab","yes","Monday"
"39","Raw_Data","JUNE_JULY_REACH_NGA_Tool_H2RQuant_NEW_KII_23_05_2019_final_2019_07_12_16_06_21","REACH_NGA_Tool_H2RQuant_NEW_KII","category_ok_D_D4_remain_other","All they have left but now returned for farming","farming","wording_hermonization","7810c404-1638-4794-818d-cc604ea47172","yes","Monday"
"40","Raw_Data","JUNE_JULY_REACH_NGA_Tool_H2RQuant_NEW_KII_23_05_2019_final_2019_07_12_16_06_21","REACH_NGA_Tool_H2RQuant_NEW_KII","category_ok_D_D4_remain_other","All they've left but now returned for farming","farming","wording_hermonization","7b6ed739-bcad-48e8-9c48-35cc49e88131","yes","Monday"
"41","Raw_Data","JUNE_JULY_REACH_NGA_Tool_H2RQuant_NEW_KII_23_05_2019_final_2019_07_12_16_06_21","REACH_NGA_Tool_H2RQuant_NEW_KII","category_ok_D_D4_remain_other","All they have left but now returned for farming","farming","wording_hermonization","7d7581e4-5352-4e6c-8815-dac794aa1079","yes","Monday"
"42","Raw_Data","JUNE_JULY_REACH_NGA_Tool_H2RQuant_NEW_KII_23_05_2019_final_2019_07_12_16_06_21","REACH_NGA_Tool_H2RQuant_NEW_KII","category_ok_D_D4_remain_other","All they have left but now returned for farming","farming","wording_hermonization","7e4c10bd-d2bb-4418-ba5c-3070e11f9560","yes","Monday"
"43","Raw_Data","JUNE_JULY_REACH_NGA_Tool_H2RQuant_NEW_KII_23_05_2019_final_2019_07_12_16_06_21","REACH_NGA_Tool_H2RQuant_NEW_KII","category_ok_D_D4_remain_other","All they have left but now returned for farming","farming","wording_hermonization","7ee03584-1aa9-4615-9b12-673c4a2d9ca5","yes","Monday"
"44","Raw_Data","JUNE_JULY_REACH_NGA_Tool_H2RQuant_NEW_KII_23_05_2019_final_2019_07_12_16_06_21","REACH_NGA_Tool_H2RQuant_NEW_KII","category_ok_D_D4_remain_other","All they have left but now returned for farming","farming","wording_hermonization","808ca3d8-6fde-4d0f-852f-fbd7bd80e7e8","yes","Monday"
"45","Raw_Data","JUNE_JULY_REACH_NGA_Tool_H2RQuant_NEW_KII_23_05_2019_final_2019_07_12_16_06_21","REACH_NGA_Tool_H2RQuant_NEW_KII","category_ok_D_D4_remain_other","All they have left but now returned for farming","farming","wording_hermonization","80c275e7-59e2-401e-8087-4023887f3110","yes","Monday"
"46","Raw_Data","JUNE_JULY_REACH_NGA_Tool_H2RQuant_NEW_KII_23_05_2019_final_2019_07_12_16_06_21","REACH_NGA_Tool_H2RQuant_NEW_KII","category_ok_D_D4_remain_other","All they have left but now returned for farming","farming","wording_hermonization","83659d6c-f0be-4b2c-886b-02be9c1503fd","yes","Monday"
"47","Raw_Data","JUNE_JULY_REACH_NGA_Tool_H2RQuant_NEW_KII_23_05_2019_final_2019_07_12_16_06_21","REACH_NGA_Tool_H2RQuant_NEW_KII","category_ok_D_D4_remain_other","All they've left but now returned for farming","farming","wording_hermonization","85a86fa8-6d96-42b4-a58d-9e3ef884e6ee","yes","Monday"
"48","Raw_Data","JUNE_JULY_REACH_NGA_Tool_H2RQuant_NEW_KII_23_05_2019_final_2019_07_12_16_06_21","REACH_NGA_Tool_H2RQuant_NEW_KII","category_ok_D_D4_remain_other","All they have left but now returned for farming","farming","wording_hermonization","8a25191a-c382-4c0c-b5d9-611e52669e6d","yes","Monday"
"49","Raw_Data","JUNE_JULY_REACH_NGA_Tool_H2RQuant_NEW_KII_23_05_2019_final_2019_07_12_16_06_21","REACH_NGA_Tool_H2RQuant_NEW_KII","category_ok_D_D4_remain_other","People returning temporarily to farm","farming","wording_hermonization","8a25bc47-4d1e-448c-818e-e1570d6c5d41","yes","Monday"
"50","Raw_Data","JUNE_JULY_REACH_NGA_Tool_H2RQuant_NEW_KII_23_05_2019_final_2019_07_12_16_06_21","REACH_NGA_Tool_H2RQuant_NEW_KII","category_ok_D_D4_remain_other","All they've left but now returned for farming","farming","wording_hermonization","8f82ffc0-1b8a-4aab-ac68-9a5bc3082e77","yes","Monday"
"51","Raw_Data","JUNE_JULY_REACH_NGA_Tool_H2RQuant_NEW_KII_23_05_2019_final_2019_07_12_16_06_21","REACH_NGA_Tool_H2RQuant_NEW_KII","category_ok_D_D4_remain_other","All they've left but now returned for farming","farming","wording_hermonization","a71dbd38-4f95-45f6-bc8b-05e52e0437bf","yes","Monday"
"52","Raw_Data","JUNE_JULY_REACH_NGA_Tool_H2RQuant_NEW_KII_23_05_2019_final_2019_07_12_16_06_21","REACH_NGA_Tool_H2RQuant_NEW_KII","category_ok_D_D4_remain_other","All they have left but now returned for farming","farming","wording_hermonization","a844cf11-4185-4379-af3f-69c6796d9eb5","yes","Monday"
"53","Raw_Data","JUNE_JULY_REACH_NGA_Tool_H2RQuant_NEW_KII_23_05_2019_final_2019_07_12_16_06_21","REACH_NGA_Tool_H2RQuant_NEW_KII","category_ok_D_D4_remain_other","People returning temporarily to farm","farming","wording_hermonization","a8edd984-1604-4ade-9a5e-6953909769f2","yes","Monday"
"54","Raw_Data","JUNE_JULY_REACH_NGA_Tool_H2RQuant_NEW_KII_23_05_2019_final_2019_07_12_16_06_21","REACH_NGA_Tool_H2RQuant_NEW_KII","category_ok_D_D4_remain_other","All they have left but now returned for farming","farming","wording_hermonization","aa030306-e7c2-464a-8765-4d0519ac638a","yes","Monday"
"55","Raw_Data","JUNE_JULY_REACH_NGA_Tool_H2RQuant_NEW_KII_23_05_2019_final_2019_07_12_16_06_21","REACH_NGA_Tool_H2RQuant_NEW_KII","category_ok_D_D4_remain_other","All they have left but now returned for farming","farming","wording_hermonization","aa57f616-940d-4d1f-8a3c-b0e560dd8ab8","yes","Monday"
"56","Raw_Data","JUNE_JULY_REACH_NGA_Tool_H2RQuant_NEW_KII_23_05_2019_final_2019_07_12_16_06_21","REACH_NGA_Tool_H2RQuant_NEW_KII","category_ok_D_D4_remain_other","All they have left but now returned for farming","farming","wording_hermonization","aae824fd-e4c5-45b8-93ef-dd1addc63d99","yes","Monday"
"57","Raw_Data","JUNE_JULY_REACH_NGA_Tool_H2RQuant_NEW_KII_23_05_2019_final_2019_07_12_16_06_21","REACH_NGA_Tool_H2RQuant_NEW_KII","category_ok_D_D4_remain_other","All they have left but now returned for farming","farming","wording_hermonization","ad5f96be-0663-4a66-9f88-9715406a30b7","yes","Monday"
"58","Raw_Data","JUNE_JULY_REACH_NGA_Tool_H2RQuant_NEW_KII_23_05_2019_final_2019_07_12_16_06_21","REACH_NGA_Tool_H2RQuant_NEW_KII","category_ok_D_D4_remain_other","All they  have left but  now returned for farming","farming","wording_hermonization","af7b365a-0952-432f-9af3-279ad1a100ef","yes","Monday"
"59","Raw_Data","JUNE_JULY_REACH_NGA_Tool_H2RQuant_NEW_KII_23_05_2019_final_2019_07_12_16_06_21","REACH_NGA_Tool_H2RQuant_NEW_KII","category_ok_D_D4_remain_other","All they have left but now returned for farming","farming","wording_hermonization","b88c7d98-b4fc-43b4-880d-6cff5db5f2c2","yes","Monday"
"60","Raw_Data","JUNE_JULY_REACH_NGA_Tool_H2RQuant_NEW_KII_23_05_2019_final_2019_07_12_16_06_21","REACH_NGA_Tool_H2RQuant_NEW_KII","category_ok_D_D4_remain_other","All they've left but now returned for farming","farming","wording_hermonization","ba63a420-3a21-4d28-8b88-06eb6523c3d9","yes","Monday"
"61","Raw_Data","JUNE_JULY_REACH_NGA_Tool_H2RQuant_NEW_KII_23_05_2019_final_2019_07_12_16_06_21","REACH_NGA_Tool_H2RQuant_NEW_KII","category_ok_D_D4_remain_other","All they have left but now returned for farming","farming","wording_hermonization","bb5a3a59-9d81-4823-8866-2eda3c83c2a7","yes","Monday"
"62","Raw_Data","JUNE_JULY_REACH_NGA_Tool_H2RQuant_NEW_KII_23_05_2019_final_2019_07_12_16_06_21","REACH_NGA_Tool_H2RQuant_NEW_KII","category_ok_D_D4_remain_other","All they have left but now returned for farming","farming","wording_hermonization","bb87d14c-bfcd-4a0c-8174-5967639f522f","yes","Monday"
"63","Raw_Data","JUNE_JULY_REACH_NGA_Tool_H2RQuant_NEW_KII_23_05_2019_final_2019_07_12_16_06_21","REACH_NGA_Tool_H2RQuant_NEW_KII","category_ok_D_D4_remain_other","All they have left but now returned for farming","farming","wording_hermonization","bdeb13b2-f46f-4ecb-96aa-335b8d701b21","yes","Monday"
"64","Raw_Data","JUNE_JULY_REACH_NGA_Tool_H2RQuant_NEW_KII_23_05_2019_final_2019_07_12_16_06_21","REACH_NGA_Tool_H2RQuant_NEW_KII","category_ok_D_D4_remain_other","All they've left but now returned for farming","farming","wording_hermonization","c3218574-ebc0-45e1-990d-650708ac277c","yes","Monday"
"65","Raw_Data","JUNE_JULY_REACH_NGA_Tool_H2RQuant_NEW_KII_23_05_2019_final_2019_07_12_16_06_21","REACH_NGA_Tool_H2RQuant_NEW_KII","category_ok_D_D4_remain_other","All they have left but now returned for farming","farming","wording_hermonization","c4b1fe92-53c5-481d-952f-e13e6f359434","yes","Monday"
"66","Raw_Data","JUNE_JULY_REACH_NGA_Tool_H2RQuant_NEW_KII_23_05_2019_final_2019_07_12_16_06_21","REACH_NGA_Tool_H2RQuant_NEW_KII","category_ok_D_D4_remain_other","Nobody remained in the settlement only returnee","farming","wording_hermonization","c7ec90ba-4ae3-4060-a1f6-7516e0e10c8e","yes","Monday"
"67","Raw_Data","JUNE_JULY_REACH_NGA_Tool_H2RQuant_NEW_KII_23_05_2019_final_2019_07_12_16_06_21","REACH_NGA_Tool_H2RQuant_NEW_KII","category_ok_D_D4_remain_other","All they have left but  now returned  for farming","farming","wording_hermonization","c8720307-6c24-47ba-9845-1a9107ab7408","yes","Monday"
"68","Raw_Data","JUNE_JULY_REACH_NGA_Tool_H2RQuant_NEW_KII_23_05_2019_final_2019_07_12_16_06_21","REACH_NGA_Tool_H2RQuant_NEW_KII","category_ok_D_D4_remain_other","All they've left but now returned for farming","farming","wording_hermonization","cb0e4f95-8562-4127-bba5-f2a16918a7ea","yes","Monday"
"69","Raw_Data","JUNE_JULY_REACH_NGA_Tool_H2RQuant_NEW_KII_23_05_2019_final_2019_07_12_16_06_21","REACH_NGA_Tool_H2RQuant_NEW_KII","category_ok_D_D4_remain_other","All they have left but now returned for farming","farming","wording_hermonization","cb4abc92-9496-4957-a979-c8d4357a58ab","yes","Monday"
"70","Raw_Data","JUNE_JULY_REACH_NGA_Tool_H2RQuant_NEW_KII_23_05_2019_final_2019_07_12_16_06_21","REACH_NGA_Tool_H2RQuant_NEW_KII","category_ok_D_D4_remain_other","All they have left but now returned for farming","farming","wording_hermonization","cef8e769-87b4-4202-9b84-0a2dd4603e3b","yes","Monday"
"71","Raw_Data","JUNE_JULY_REACH_NGA_Tool_H2RQuant_NEW_KII_23_05_2019_final_2019_07_12_16_06_21","REACH_NGA_Tool_H2RQuant_NEW_KII","category_ok_D_D4_remain_other","All they have left but now returned for farming","farming","wording_hermonization","d78bc36d-b8a6-4cd9-bda0-e2162826a945","yes","Monday"
"72","Raw_Data","JUNE_JULY_REACH_NGA_Tool_H2RQuant_NEW_KII_23_05_2019_final_2019_07_12_16_06_21","REACH_NGA_Tool_H2RQuant_NEW_KII","category_ok_D_D4_remain_other","All they have left but now returned for farming","farming","wording_hermonization","d94193c5-a0c6-4400-b504-d28ff609abd9","yes","Monday"
"73","Raw_Data","JUNE_JULY_REACH_NGA_Tool_H2RQuant_NEW_KII_23_05_2019_final_2019_07_12_16_06_21","REACH_NGA_Tool_H2RQuant_NEW_KII","category_ok_D_D4_remain_other","All they have left but now returned for farming","farming","wording_hermonization","dce9dedb-c610-4216-b95f-258fe405b073","yes","Monday"
"74","Raw_Data","JUNE_JULY_REACH_NGA_Tool_H2RQuant_NEW_KII_23_05_2019_final_2019_07_12_16_06_21","REACH_NGA_Tool_H2RQuant_NEW_KII","category_ok_D_D4_remain_other","All they have left but now returned for farming","farming","wording_hermonization","dde03d6d-170f-4048-b477-d8bf08130e4f","yes","Monday"
"75","Raw_Data","JUNE_JULY_REACH_NGA_Tool_H2RQuant_NEW_KII_23_05_2019_final_2019_07_12_16_06_21","REACH_NGA_Tool_H2RQuant_NEW_KII","category_ok_D_D4_remain_other","All they've left but now returned for farming","farming","wording_hermonization","e28c745c-dd1c-4d0f-a366-d5c6315053a5","yes","Monday"
"76","Raw_Data","JUNE_JULY_REACH_NGA_Tool_H2RQuant_NEW_KII_23_05_2019_final_2019_07_12_16_06_21","REACH_NGA_Tool_H2RQuant_NEW_KII","category_ok_D_D4_remain_other","All they have left but now returned for farming","farming","wording_hermonization","e500f5af-0480-4b3e-b4bc-445d1637a988","yes","Monday"
"77","Raw_Data","JUNE_JULY_REACH_NGA_Tool_H2RQuant_NEW_KII_23_05_2019_final_2019_07_12_16_06_21","REACH_NGA_Tool_H2RQuant_NEW_KII","category_ok_D_D4_remain_other","All they've left but now returned for farming","farming","wording_hermonization","e7188d3a-ea3c-45a7-b227-b3e93e80379e","yes","Monday"
"78","Raw_Data","JUNE_JULY_REACH_NGA_Tool_H2RQuant_NEW_KII_23_05_2019_final_2019_07_12_16_06_21","REACH_NGA_Tool_H2RQuant_NEW_KII","category_ok_D_D4_remain_other","All they've left but now returned for farming","farming","wording_hermonization","ea565d9f-b212-4c0c-b357-df1daebc6284","yes","Monday"
"79","Raw_Data","JUNE_JULY_REACH_NGA_Tool_H2RQuant_NEW_KII_23_05_2019_final_2019_07_12_16_06_21","REACH_NGA_Tool_H2RQuant_NEW_KII","category_ok_D_D4_remain_other","All they have left but now  returned for farming","farming","wording_hermonization","ebfcfde1-a1da-4810-aeda-dc08d1ea3382","yes","Monday"
"80","Raw_Data","JUNE_JULY_REACH_NGA_Tool_H2RQuant_NEW_KII_23_05_2019_final_2019_07_12_16_06_21","REACH_NGA_Tool_H2RQuant_NEW_KII","category_ok_D_D4_remain_other","All they have left but now returned for farming","farming","wording_hermonization","ecb96bb3-f953-45bd-b884-fd861112386f","yes","Monday"
"81","Raw_Data","JUNE_JULY_REACH_NGA_Tool_H2RQuant_NEW_KII_23_05_2019_final_2019_07_12_16_06_21","REACH_NGA_Tool_H2RQuant_NEW_KII","category_ok_D_D4_remain_other","All they have left but now returned for farming","farming","wording_hermonization","ee272ca6-0f9f-4568-8e43-c1236804c0c8","yes","Monday"
"82","Raw_Data","JUNE_JULY_REACH_NGA_Tool_H2RQuant_NEW_KII_23_05_2019_final_2019_07_12_16_06_21","REACH_NGA_Tool_H2RQuant_NEW_KII","category_ok_D_D4_remain_other","All they have left but now returned for farming","farming","wording_hermonization","ee97c5e5-a46d-4a8c-ba8a-51c89d590551","yes","Monday"
"83","Raw_Data","JUNE_JULY_REACH_NGA_Tool_H2RQuant_NEW_KII_23_05_2019_final_2019_07_12_16_06_21","REACH_NGA_Tool_H2RQuant_NEW_KII","category_ok_D_D4_remain_other","All the have left but returned now","farming","wording_hermonization","eea751a2-058a-4697-a33f-bbbee169579a","yes","Monday"
"84","Raw_Data","JUNE_JULY_REACH_NGA_Tool_H2RQuant_NEW_KII_23_05_2019_final_2019_07_12_16_06_21","REACH_NGA_Tool_H2RQuant_NEW_KII","category_ok_D_D4_remain_other","All they have left but now returned for farming","farming","wording_hermonization","f365b078-25c2-4836-a059-5b6ccc2f5d95","yes","Monday"
"85","Raw_Data","JUNE_JULY_REACH_NGA_Tool_H2RQuant_NEW_KII_23_05_2019_final_2019_07_12_16_06_21","REACH_NGA_Tool_H2RQuant_NEW_KII","category_ok_D_D4_remain_other","All they have left but now returned for farming","farming","wording_hermonization","f95564c3-5a9f-48b6-99d0-fae26f04d962","yes","Monday"
"86","Raw_Data","JUNE_JULY_REACH_NGA_Tool_H2RQuant_NEW_KII_23_05_2019_final_2019_07_12_16_06_21","REACH_NGA_Tool_H2RQuant_NEW_KII","category_ok_D_D4_remain_other","All they have left but now returned for farming","farming","wording_hermonization","fc33e50f-910e-46a6-8d44-819689635607","yes","Monday"
"87","Raw_Data","JUNE_JULY_REACH_NGA_Tool_H2RQuant_NEW_KII_23_05_2019_final_2019_07_12_16_06_21","REACH_NGA_Tool_H2RQuant_NEW_KII","category_ok_C_info_lga","dikwa","NG008008","geographic ID harmonization","07106a11-538c-4065-afdd-2a4ff21db55a","yes","Michael"
"88","Raw_Data","JUNE_JULY_REACH_NGA_Tool_H2RQuant_NEW_KII_23_05_2019_final_2019_07_12_16_06_21","REACH_NGA_Tool_H2RQuant_NEW_KII","category_ok_C_info_lga","dikwa","NG008008","geographic ID harmonization","0fc4a9da-0ff9-4f0d-b82d-bbfdd66edec6","yes","Michael"
"89","Raw_Data","JUNE_JULY_REACH_NGA_Tool_H2RQuant_NEW_KII_23_05_2019_final_2019_07_12_16_06_21","REACH_NGA_Tool_H2RQuant_NEW_KII","category_ok_C_info_lga","dikwa","NG008008","geographic ID harmonization","15342b1f-b144-4080-ad21-7da8e835e1e8","yes","Michael"
"90","Raw_Data","JUNE_JULY_REACH_NGA_Tool_H2RQuant_NEW_KII_23_05_2019_final_2019_07_12_16_06_21","REACH_NGA_Tool_H2RQuant_NEW_KII","category_ok_C_info_lga","dikwa","NG008008","geographic ID harmonization","17719dab-284a-41f0-8c26-5510775b38c9","yes","Michael"
"91","Raw_Data","JUNE_JULY_REACH_NGA_Tool_H2RQuant_NEW_KII_23_05_2019_final_2019_07_12_16_06_21","REACH_NGA_Tool_H2RQuant_NEW_KII","category_ok_C_info_lga","dikwa","NG008008","geographic ID harmonization","19315e0a-9f77-4397-96c5-f8a86fa3487f","yes","Michael"
"92","Raw_Data","JUNE_JULY_REACH_NGA_Tool_H2RQuant_NEW_KII_23_05_2019_final_2019_07_12_16_06_21","REACH_NGA_Tool_H2RQuant_NEW_KII","category_ok_C_info_lga","dikwa","NG008008","geographic ID harmonization","1cae3661-a3f2-42cb-8f1f-832a1ce3a99e","yes","Michael"
"93","Raw_Data","JUNE_JULY_REACH_NGA_Tool_H2RQuant_NEW_KII_23_05_2019_final_2019_07_12_16_06_21","REACH_NGA_Tool_H2RQuant_NEW_KII","category_ok_C_info_lga","dikwa","NG008008","geographic ID harmonization","207ff65f-9f2d-4028-b373-415521a99a54","yes","Michael"
"94","Raw_Data","JUNE_JULY_REACH_NGA_Tool_H2RQuant_NEW_KII_23_05_2019_final_2019_07_12_16_06_21","REACH_NGA_Tool_H2RQuant_NEW_KII","category_ok_C_info_lga","dikwa","NG008008","geographic ID harmonization","217529b3-a1e7-405c-ba3a-48d74dec6643","yes","Michael"
"95","Raw_Data","JUNE_JULY_REACH_NGA_Tool_H2RQuant_NEW_KII_23_05_2019_final_2019_07_12_16_06_21","REACH_NGA_Tool_H2RQuant_NEW_KII","category_ok_C_info_lga","dikwa","NG008008","geographic ID harmonization","281352a0-2beb-4181-aa1d-a87429d54c81","yes","Michael"
"96","Raw_Data","JUNE_JULY_REACH_NGA_Tool_H2RQuant_NEW_KII_23_05_2019_final_2019_07_12_16_06_21","REACH_NGA_Tool_H2RQuant_NEW_KII","category_ok_C_info_lga","dikwa","NG008008","geographic ID harmonization","29281342-d300-42af-8445-50a429169183","yes","Michael"
"97","Raw_Data","JUNE_JULY_REACH_NGA_Tool_H2RQuant_NEW_KII_23_05_2019_final_2019_07_12_16_06_21","REACH_NGA_Tool_H2RQuant_NEW_KII","category_ok_C_info_lga","dikwa","NG008008","geographic ID harmonization","2a378f15-337d-4c30-b9d3-d748bfc0fba3","yes","Michael"
"98","Raw_Data","JUNE_JULY_REACH_NGA_Tool_H2RQuant_NEW_KII_23_05_2019_final_2019_07_12_16_06_21","REACH_NGA_Tool_H2RQuant_NEW_KII","category_ok_C_info_lga","dikwa","NG008008","geographic ID harmonization","2d791802-48bc-4306-a95f-febba2fdfc73","yes","Michael"
"99","Raw_Data","JUNE_JULY_REACH_NGA_Tool_H2RQuant_NEW_KII_23_05_2019_final_2019_07_12_16_06_21","REACH_NGA_Tool_H2RQuant_NEW_KII","category_ok_C_info_lga","dikwa","NG008008","geographic ID harmonization","3075ee81-1581-48f8-934e-9c9b90a15630","yes","Michael"
"100","Raw_Data","JUNE_JULY_REACH_NGA_Tool_H2RQuant_NEW_KII_23_05_2019_final_2019_07_12_16_06_21","REACH_NGA_Tool_H2RQuant_NEW_KII","category_ok_C_info_lga","dikwa","NG008008","geographic ID harmonization","35bffdf8-3d03-486f-956e-69dc64784ff5","yes","Michael"
"101","Raw_Data","JUNE_JULY_REACH_NGA_Tool_H2RQuant_NEW_KII_23_05_2019_final_2019_07_12_16_06_21","REACH_NGA_Tool_H2RQuant_NEW_KII","category_ok_C_info_lga","dikwa","NG008008","geographic ID harmonization","36a139c5-6b0b-41f8-ac82-14744747aecc","yes","Michael"
"102","Raw_Data","JUNE_JULY_REACH_NGA_Tool_H2RQuant_NEW_KII_23_05_2019_final_2019_07_12_16_06_21","REACH_NGA_Tool_H2RQuant_NEW_KII","category_ok_C_info_lga","dikwa","NG008008","geographic ID harmonization","40b3db6d-bc79-4371-9ff1-4a55e4cf64dc","yes","Michael"
"103","Raw_Data","JUNE_JULY_REACH_NGA_Tool_H2RQuant_NEW_KII_23_05_2019_final_2019_07_12_16_06_21","REACH_NGA_Tool_H2RQuant_NEW_KII","category_ok_C_info_lga","dikwa","NG008008","geographic ID harmonization","426b0186-031c-45ed-9f54-9e0f3f1dbec8","yes","Michael"
"104","Raw_Data","JUNE_JULY_REACH_NGA_Tool_H2RQuant_NEW_KII_23_05_2019_final_2019_07_12_16_06_21","REACH_NGA_Tool_H2RQuant_NEW_KII","category_ok_C_info_lga","dikwa","NG008008","geographic ID harmonization","495dbad6-d906-434d-be09-031a9fd28ad2","yes","Michael"
"105","Raw_Data","JUNE_JULY_REACH_NGA_Tool_H2RQuant_NEW_KII_23_05_2019_final_2019_07_12_16_06_21","REACH_NGA_Tool_H2RQuant_NEW_KII","category_ok_C_info_lga","dikwa","NG008008","geographic ID harmonization","4b2144d3-113f-4213-af6d-d4fef14c4479","yes","Michael"
"106","Raw_Data","JUNE_JULY_REACH_NGA_Tool_H2RQuant_NEW_KII_23_05_2019_final_2019_07_12_16_06_21","REACH_NGA_Tool_H2RQuant_NEW_KII","category_ok_C_info_lga","dikwa","NG008008","geographic ID harmonization","536f05a2-f45c-41c2-94d1-74a7bf5f6d44","yes","Michael"
"107","Raw_Data","JUNE_JULY_REACH_NGA_Tool_H2RQuant_NEW_KII_23_05_2019_final_2019_07_12_16_06_21","REACH_NGA_Tool_H2RQuant_NEW_KII","category_ok_C_info_lga","dikwa","NG008008","geographic ID harmonization","57bbf692-3a21-47b2-a6ac-cf013aeacfe6","yes","Michael"
"108","Raw_Data","JUNE_JULY_REACH_NGA_Tool_H2RQuant_NEW_KII_23_05_2019_final_2019_07_12_16_06_21","REACH_NGA_Tool_H2RQuant_NEW_KII","category_ok_C_info_lga","dikwa","NG008008","geographic ID harmonization","6207284b-f08b-44da-ae8b-2bef0ccfc11c","yes","Michael"
"109","Raw_Data","JUNE_JULY_REACH_NGA_Tool_H2RQuant_NEW_KII_23_05_2019_final_2019_07_12_16_06_21","REACH_NGA_Tool_H2RQuant_NEW_KII","category_ok_C_info_lga","dikwa","NG008008","geographic ID harmonization","64e78f2c-5d04-4db1-9768-35a361d12449","yes","Michael"
"110","Raw_Data","JUNE_JULY_REACH_NGA_Tool_H2RQuant_NEW_KII_23_05_2019_final_2019_07_12_16_06_21","REACH_NGA_Tool_H2RQuant_NEW_KII","category_ok_C_info_lga","dikwa","NG008008","geographic ID harmonization","6c88bd0f-2ee2-406d-887f-8711cbabe0cd","yes","Michael"
"111","Raw_Data","JUNE_JULY_REACH_NGA_Tool_H2RQuant_NEW_KII_23_05_2019_final_2019_07_12_16_06_21","REACH_NGA_Tool_H2RQuant_NEW_KII","category_ok_C_info_lga","dikwa","NG008008","geographic ID harmonization","6edd3d9a-8a59-4540-b87b-88ae9be82c72","yes","Michael"
"112","Raw_Data","JUNE_JULY_REACH_NGA_Tool_H2RQuant_NEW_KII_23_05_2019_final_2019_07_12_16_06_21","REACH_NGA_Tool_H2RQuant_NEW_KII","category_ok_C_info_lga","dikwa","NG008008","geographic ID harmonization","71dba1b1-581b-4cce-83b4-8fbfb4b4f3fa","yes","Michael"
"113","Raw_Data","JUNE_JULY_REACH_NGA_Tool_H2RQuant_NEW_KII_23_05_2019_final_2019_07_12_16_06_21","REACH_NGA_Tool_H2RQuant_NEW_KII","category_ok_C_info_lga","dikwa","NG008008","geographic ID harmonization","7481c655-19e1-4624-b820-d40308d39f6f","yes","Michael"
"114","Raw_Data","JUNE_JULY_REACH_NGA_Tool_H2RQuant_NEW_KII_23_05_2019_final_2019_07_12_16_06_21","REACH_NGA_Tool_H2RQuant_NEW_KII","category_ok_C_info_lga","dikwa","NG008008","geographic ID harmonization","785f0f5d-8203-437b-ae99-f9d6fd7094e9","yes","Michael"
"115","Raw_Data","JUNE_JULY_REACH_NGA_Tool_H2RQuant_NEW_KII_23_05_2019_final_2019_07_12_16_06_21","REACH_NGA_Tool_H2RQuant_NEW_KII","category_ok_C_info_lga","dikwa","NG008008","geographic ID harmonization","813913bf-361e-41b7-a0f5-f8f0b9f1854f","yes","Michael"
"116","Raw_Data","JUNE_JULY_REACH_NGA_Tool_H2RQuant_NEW_KII_23_05_2019_final_2019_07_12_16_06_21","REACH_NGA_Tool_H2RQuant_NEW_KII","category_ok_C_info_lga","dikwa","NG008008","geographic ID harmonization","8954fe6c-8be1-474e-be65-e197004cdd93","yes","Michael"
"117","Raw_Data","JUNE_JULY_REACH_NGA_Tool_H2RQuant_NEW_KII_23_05_2019_final_2019_07_12_16_06_21","REACH_NGA_Tool_H2RQuant_NEW_KII","category_ok_C_info_lga","dikwa","NG008008","geographic ID harmonization","9024fd38-430f-4124-8665-e7d6dc286975","yes","Michael"
"118","Raw_Data","JUNE_JULY_REACH_NGA_Tool_H2RQuant_NEW_KII_23_05_2019_final_2019_07_12_16_06_21","REACH_NGA_Tool_H2RQuant_NEW_KII","category_ok_C_info_lga","dikwa","NG008008","geographic ID harmonization","91a6be1a-741c-4ddb-8d48-171c39a286f0","yes","Michael"
"119","Raw_Data","JUNE_JULY_REACH_NGA_Tool_H2RQuant_NEW_KII_23_05_2019_final_2019_07_12_16_06_21","REACH_NGA_Tool_H2RQuant_NEW_KII","category_ok_C_info_lga","dikwa","NG008008","geographic ID harmonization","95bd38e5-3a7c-4aa0-afe3-aa8e83f35aff","yes","Michael"
"120","Raw_Data","JUNE_JULY_REACH_NGA_Tool_H2RQuant_NEW_KII_23_05_2019_final_2019_07_12_16_06_21","REACH_NGA_Tool_H2RQuant_NEW_KII","category_ok_C_info_lga","dikwa","NG008008","geographic ID harmonization","9c181ae6-99a8-4e41-88f3-828c8c945fb6","yes","Michael"
"121","Raw_Data","JUNE_JULY_REACH_NGA_Tool_H2RQuant_NEW_KII_23_05_2019_final_2019_07_12_16_06_21","REACH_NGA_Tool_H2RQuant_NEW_KII","category_ok_C_info_lga","dikwa","NG008008","geographic ID harmonization","a540d57a-1616-43d6-a663-19ad53544b60","yes","Michael"
"122","Raw_Data","JUNE_JULY_REACH_NGA_Tool_H2RQuant_NEW_KII_23_05_2019_final_2019_07_12_16_06_21","REACH_NGA_Tool_H2RQuant_NEW_KII","category_ok_C_info_lga","dikwa","NG008008","geographic ID harmonization","a54e7b21-8417-46a6-bbe8-9602b374cb44","yes","Michael"
"123","Raw_Data","JUNE_JULY_REACH_NGA_Tool_H2RQuant_NEW_KII_23_05_2019_final_2019_07_12_16_06_21","REACH_NGA_Tool_H2RQuant_NEW_KII","category_ok_C_info_lga","dikwa","NG008008","geographic ID harmonization","ad08d7be-148a-42aa-a4ab-4d2b9a1c8f08","yes","Michael"
"124","Raw_Data","JUNE_JULY_REACH_NGA_Tool_H2RQuant_NEW_KII_23_05_2019_final_2019_07_12_16_06_21","REACH_NGA_Tool_H2RQuant_NEW_KII","category_ok_C_info_lga","gwoza","NG008011","geographic ID harmonization","b6da005e-a97b-4b0e-b48b-f72c0991bd42","yes","Michael"
"125","Raw_Data","JUNE_JULY_REACH_NGA_Tool_H2RQuant_NEW_KII_23_05_2019_final_2019_07_12_16_06_21","REACH_NGA_Tool_H2RQuant_NEW_KII","category_ok_C_info_lga","dikwa","NG008008","geographic ID harmonization","bc70dac3-6716-407d-8308-0a4429333544","yes","Michael"
"126","Raw_Data","JUNE_JULY_REACH_NGA_Tool_H2RQuant_NEW_KII_23_05_2019_final_2019_07_12_16_06_21","REACH_NGA_Tool_H2RQuant_NEW_KII","category_ok_C_info_lga","dikwa","NG008008","geographic ID harmonization","c2c29fa2-0ad6-40b1-b3f4-2a3c50020aee","yes","Michael"
"127","Raw_Data","JUNE_JULY_REACH_NGA_Tool_H2RQuant_NEW_KII_23_05_2019_final_2019_07_12_16_06_21","REACH_NGA_Tool_H2RQuant_NEW_KII","category_ok_C_info_lga","dikwa","NG008008","geographic ID harmonization","c374beef-f656-43dc-802d-5fb6e441f1e1","yes","Michael"
"128","Raw_Data","JUNE_JULY_REACH_NGA_Tool_H2RQuant_NEW_KII_23_05_2019_final_2019_07_12_16_06_21","REACH_NGA_Tool_H2RQuant_NEW_KII","category_ok_C_info_lga","dikwa","NG008008","geographic ID harmonization","c758ef57-e773-438b-b293-a1d8d0f3d5a5","yes","Michael"
"129","Raw_Data","JUNE_JULY_REACH_NGA_Tool_H2RQuant_NEW_KII_23_05_2019_final_2019_07_12_16_06_21","REACH_NGA_Tool_H2RQuant_NEW_KII","category_ok_C_info_lga","dikwa","NG008008","geographic ID harmonization","d4c2c845-78fc-4a13-83e1-f2fb81179213","yes","Michael"
"130","Raw_Data","JUNE_JULY_REACH_NGA_Tool_H2RQuant_NEW_KII_23_05_2019_final_2019_07_12_16_06_21","REACH_NGA_Tool_H2RQuant_NEW_KII","category_ok_C_info_lga","dikwa","NG008008","geographic ID harmonization","d704cbc3-6af1-4218-9e92-6fae5fa37680","yes","Michael"
"131","Raw_Data","JUNE_JULY_REACH_NGA_Tool_H2RQuant_NEW_KII_23_05_2019_final_2019_07_12_16_06_21","REACH_NGA_Tool_H2RQuant_NEW_KII","category_ok_C_info_lga","dikwa","NG008008","geographic ID harmonization","dd695620-eb06-45bc-a243-794a9f4be145","yes","Michael"
"132","Raw_Data","JUNE_JULY_REACH_NGA_Tool_H2RQuant_NEW_KII_23_05_2019_final_2019_07_12_16_06_21","REACH_NGA_Tool_H2RQuant_NEW_KII","category_ok_C_info_lga","dikwa","NG008008","geographic ID harmonization","e0355f68-167d-41a5-82a3-d031ada69402","yes","Michael"
"133","Raw_Data","JUNE_JULY_REACH_NGA_Tool_H2RQuant_NEW_KII_23_05_2019_final_2019_07_12_16_06_21","REACH_NGA_Tool_H2RQuant_NEW_KII","category_ok_C_info_lga","dikwa","NG008008","geographic ID harmonization","e1cd0071-65b1-4d65-bef4-24aad7c01758","yes","Michael"
"134","Raw_Data","JUNE_JULY_REACH_NGA_Tool_H2RQuant_NEW_KII_23_05_2019_final_2019_07_12_16_06_21","REACH_NGA_Tool_H2RQuant_NEW_KII","category_ok_C_info_lga","dikwa","NG008008","geographic ID harmonization","e5133797-7e1b-4522-b09b-3cc22cbb4a2f","yes","Michael"
"135","Raw_Data","JUNE_JULY_REACH_NGA_Tool_H2RQuant_NEW_KII_23_05_2019_final_2019_07_12_16_06_21","REACH_NGA_Tool_H2RQuant_NEW_KII","category_ok_C_info_lga","dikwa","NG008008","geographic ID harmonization","ec807743-3b69-45a7-8c23-2b74afa9ad4b","yes","Michael"
"136","Raw_Data","JUNE_JULY_REACH_NGA_Tool_H2RQuant_NEW_KII_23_05_2019_final_2019_07_12_16_06_21","REACH_NGA_Tool_H2RQuant_NEW_KII","category_ok_C_info_lga","dikwa","NG008008","geographic ID harmonization","f3b67d05-3593-4749-9b10-b0bafd4e65d0","yes","Michael"
"137","Raw_Data","JUNE_JULY_REACH_NGA_Tool_H2RQuant_NEW_KII_23_05_2019_final_2019_07_12_16_06_21","REACH_NGA_Tool_H2RQuant_NEW_KII","category_ok_C_info_lga","dikwa","NG008008","geographic ID harmonization","f72053a0-a050-4d19-a6e1-edad84e2e284","yes","Michael"
"138","Raw_Data","JUNE_JULY_REACH_NGA_Tool_H2RQuant_NEW_KII_23_05_2019_final_2019_07_12_16_06_21","REACH_NGA_Tool_H2RQuant_NEW_KII","category_ok_C_info_ward","margata","NG008008004","geographic ID harmonization","07106a11-538c-4065-afdd-2a4ff21db55a","yes","Michael"
"139","Raw_Data","JUNE_JULY_REACH_NGA_Tool_H2RQuant_NEW_KII_23_05_2019_final_2019_07_12_16_06_21","REACH_NGA_Tool_H2RQuant_NEW_KII","category_ok_C_info_ward","margata","NG008008004","geographic ID harmonization","0fc4a9da-0ff9-4f0d-b82d-bbfdd66edec6","yes","Michael"
"140","Raw_Data","JUNE_JULY_REACH_NGA_Tool_H2RQuant_NEW_KII_23_05_2019_final_2019_07_12_16_06_21","REACH_NGA_Tool_H2RQuant_NEW_KII","category_ok_C_info_ward","afuye","NG008008009","geographic ID harmonization","15342b1f-b144-4080-ad21-7da8e835e1e8","yes","Michael"
"141","Raw_Data","JUNE_JULY_REACH_NGA_Tool_H2RQuant_NEW_KII_23_05_2019_final_2019_07_12_16_06_21","REACH_NGA_Tool_H2RQuant_NEW_KII","category_ok_C_info_ward","margata","NG008008004","geographic ID harmonization","17719dab-284a-41f0-8c26-5510775b38c9","yes","Michael"
"142","Raw_Data","JUNE_JULY_REACH_NGA_Tool_H2RQuant_NEW_KII_23_05_2019_final_2019_07_12_16_06_21","REACH_NGA_Tool_H2RQuant_NEW_KII","category_ok_C_info_ward","m._maja","NG008008005","geographic ID harmonization","19315e0a-9f77-4397-96c5-f8a86fa3487f","yes","Michael"
"143","Raw_Data","JUNE_JULY_REACH_NGA_Tool_H2RQuant_NEW_KII_23_05_2019_final_2019_07_12_16_06_21","REACH_NGA_Tool_H2RQuant_NEW_KII","category_ok_C_info_ward","ngudoram","NG008008008","geographic ID harmonization","1cae3661-a3f2-42cb-8f1f-832a1ce3a99e","yes","Michael"
"144","Raw_Data","JUNE_JULY_REACH_NGA_Tool_H2RQuant_NEW_KII_23_05_2019_final_2019_07_12_16_06_21","REACH_NGA_Tool_H2RQuant_NEW_KII","category_ok_C_info_ward","margata","NG008008004","geographic ID harmonization","207ff65f-9f2d-4028-b373-415521a99a54","yes","Michael"
"145","Raw_Data","JUNE_JULY_REACH_NGA_Tool_H2RQuant_NEW_KII_23_05_2019_final_2019_07_12_16_06_21","REACH_NGA_Tool_H2RQuant_NEW_KII","category_ok_C_info_ward","afuye","NG008008009","geographic ID harmonization","217529b3-a1e7-405c-ba3a-48d74dec6643","yes","Michael"
"146","Raw_Data","JUNE_JULY_REACH_NGA_Tool_H2RQuant_NEW_KII_23_05_2019_final_2019_07_12_16_06_21","REACH_NGA_Tool_H2RQuant_NEW_KII","category_ok_C_info_ward","boboshe","NG008008001","geographic ID harmonization","281352a0-2beb-4181-aa1d-a87429d54c81","yes","Michael"
"147","Raw_Data","JUNE_JULY_REACH_NGA_Tool_H2RQuant_NEW_KII_23_05_2019_final_2019_07_12_16_06_21","REACH_NGA_Tool_H2RQuant_NEW_KII","category_ok_C_info_ward","m._kaza","NG008008006","geographic ID harmonization","29281342-d300-42af-8445-50a429169183","yes","Michael"
"148","Raw_Data","JUNE_JULY_REACH_NGA_Tool_H2RQuant_NEW_KII_23_05_2019_final_2019_07_12_16_06_21","REACH_NGA_Tool_H2RQuant_NEW_KII","category_ok_C_info_ward","muliye","NG008008007","geographic ID harmonization","2a378f15-337d-4c30-b9d3-d748bfc0fba3","yes","Michael"
"149","Raw_Data","JUNE_JULY_REACH_NGA_Tool_H2RQuant_NEW_KII_23_05_2019_final_2019_07_12_16_06_21","REACH_NGA_Tool_H2RQuant_NEW_KII","category_ok_C_info_ward","m._maja","NG008008005","geographic ID harmonization","2d791802-48bc-4306-a95f-febba2fdfc73","yes","Michael"
"150","Raw_Data","JUNE_JULY_REACH_NGA_Tool_H2RQuant_NEW_KII_23_05_2019_final_2019_07_12_16_06_21","REACH_NGA_Tool_H2RQuant_NEW_KII","category_ok_C_info_ward","m._maja","NG008008005","geographic ID harmonization","3075ee81-1581-48f8-934e-9c9b90a15630","yes","Michael"
"151","Raw_Data","JUNE_JULY_REACH_NGA_Tool_H2RQuant_NEW_KII_23_05_2019_final_2019_07_12_16_06_21","REACH_NGA_Tool_H2RQuant_NEW_KII","category_ok_C_info_ward","m._kaza","NG008008006","geographic ID harmonization","35bffdf8-3d03-486f-956e-69dc64784ff5","yes","Michael"
"152","Raw_Data","JUNE_JULY_REACH_NGA_Tool_H2RQuant_NEW_KII_23_05_2019_final_2019_07_12_16_06_21","REACH_NGA_Tool_H2RQuant_NEW_KII","category_ok_C_info_ward","ufaye","NG008008010","geographic ID harmonization","36a139c5-6b0b-41f8-ac82-14744747aecc","yes","Michael"
"153","Raw_Data","JUNE_JULY_REACH_NGA_Tool_H2RQuant_NEW_KII_23_05_2019_final_2019_07_12_16_06_21","REACH_NGA_Tool_H2RQuant_NEW_KII","category_ok_C_info_ward","margata","NG008008004","geographic ID harmonization","40b3db6d-bc79-4371-9ff1-4a55e4cf64dc","yes","Michael"
"154","Raw_Data","JUNE_JULY_REACH_NGA_Tool_H2RQuant_NEW_KII_23_05_2019_final_2019_07_12_16_06_21","REACH_NGA_Tool_H2RQuant_NEW_KII","category_ok_C_info_ward","boboshe","NG008008001","geographic ID harmonization","426b0186-031c-45ed-9f54-9e0f3f1dbec8","yes","Michael"
"155","Raw_Data","JUNE_JULY_REACH_NGA_Tool_H2RQuant_NEW_KII_23_05_2019_final_2019_07_12_16_06_21","REACH_NGA_Tool_H2RQuant_NEW_KII","category_ok_C_info_ward","m._maja","NG008008005","geographic ID harmonization","495dbad6-d906-434d-be09-031a9fd28ad2","yes","Michael"
"156","Raw_Data","JUNE_JULY_REACH_NGA_Tool_H2RQuant_NEW_KII_23_05_2019_final_2019_07_12_16_06_21","REACH_NGA_Tool_H2RQuant_NEW_KII","category_ok_C_info_ward","margata","NG008008004","geographic ID harmonization","4b2144d3-113f-4213-af6d-d4fef14c4479","yes","Michael"
"157","Raw_Data","JUNE_JULY_REACH_NGA_Tool_H2RQuant_NEW_KII_23_05_2019_final_2019_07_12_16_06_21","REACH_NGA_Tool_H2RQuant_NEW_KII","category_ok_C_info_ward","afuye","NG008008009","geographic ID harmonization","536f05a2-f45c-41c2-94d1-74a7bf5f6d44","yes","Michael"
"158","Raw_Data","JUNE_JULY_REACH_NGA_Tool_H2RQuant_NEW_KII_23_05_2019_final_2019_07_12_16_06_21","REACH_NGA_Tool_H2RQuant_NEW_KII","category_ok_C_info_ward","m._maja","NG008008005","geographic ID harmonization","57bbf692-3a21-47b2-a6ac-cf013aeacfe6","yes","Michael"
"159","Raw_Data","JUNE_JULY_REACH_NGA_Tool_H2RQuant_NEW_KII_23_05_2019_final_2019_07_12_16_06_21","REACH_NGA_Tool_H2RQuant_NEW_KII","category_ok_C_info_ward","gajibo","NG008008003","geographic ID harmonization","6207284b-f08b-44da-ae8b-2bef0ccfc11c","yes","Michael"
"160","Raw_Data","JUNE_JULY_REACH_NGA_Tool_H2RQuant_NEW_KII_23_05_2019_final_2019_07_12_16_06_21","REACH_NGA_Tool_H2RQuant_NEW_KII","category_ok_C_info_ward","afuye","NG008008009","geographic ID harmonization","64e78f2c-5d04-4db1-9768-35a361d12449","yes","Michael"
"161","Raw_Data","JUNE_JULY_REACH_NGA_Tool_H2RQuant_NEW_KII_23_05_2019_final_2019_07_12_16_06_21","REACH_NGA_Tool_H2RQuant_NEW_KII","category_ok_C_info_ward","boboshe","NG008008001","geographic ID harmonization","6c88bd0f-2ee2-406d-887f-8711cbabe0cd","yes","Michael"
"162","Raw_Data","JUNE_JULY_REACH_NGA_Tool_H2RQuant_NEW_KII_23_05_2019_final_2019_07_12_16_06_21","REACH_NGA_Tool_H2RQuant_NEW_KII","category_ok_C_info_ward","muliye","NG008008007","geographic ID harmonization","6edd3d9a-8a59-4540-b87b-88ae9be82c72","yes","Michael"
"163","Raw_Data","JUNE_JULY_REACH_NGA_Tool_H2RQuant_NEW_KII_23_05_2019_final_2019_07_12_16_06_21","REACH_NGA_Tool_H2RQuant_NEW_KII","category_ok_C_info_ward","boboshe","NG008008001","geographic ID harmonization","71dba1b1-581b-4cce-83b4-8fbfb4b4f3fa","yes","Michael"
"164","Raw_Data","JUNE_JULY_REACH_NGA_Tool_H2RQuant_NEW_KII_23_05_2019_final_2019_07_12_16_06_21","REACH_NGA_Tool_H2RQuant_NEW_KII","category_ok_C_info_ward","gajibo","NG008008003","geographic ID harmonization","7481c655-19e1-4624-b820-d40308d39f6f","yes","Michael"
"165","Raw_Data","JUNE_JULY_REACH_NGA_Tool_H2RQuant_NEW_KII_23_05_2019_final_2019_07_12_16_06_21","REACH_NGA_Tool_H2RQuant_NEW_KII","category_ok_C_info_ward","gajibo","NG008008003","geographic ID harmonization","785f0f5d-8203-437b-ae99-f9d6fd7094e9","yes","Michael"
"166","Raw_Data","JUNE_JULY_REACH_NGA_Tool_H2RQuant_NEW_KII_23_05_2019_final_2019_07_12_16_06_21","REACH_NGA_Tool_H2RQuant_NEW_KII","category_ok_C_info_ward","m._maja","NG008008005","geographic ID harmonization","813913bf-361e-41b7-a0f5-f8f0b9f1854f","yes","Michael"
"167","Raw_Data","JUNE_JULY_REACH_NGA_Tool_H2RQuant_NEW_KII_23_05_2019_final_2019_07_12_16_06_21","REACH_NGA_Tool_H2RQuant_NEW_KII","category_ok_C_info_ward","muliye","NG008008007","geographic ID harmonization","8954fe6c-8be1-474e-be65-e197004cdd93","yes","Michael"
"168","Raw_Data","JUNE_JULY_REACH_NGA_Tool_H2RQuant_NEW_KII_23_05_2019_final_2019_07_12_16_06_21","REACH_NGA_Tool_H2RQuant_NEW_KII","category_ok_C_info_ward","margata","NG008008004","geographic ID harmonization","9024fd38-430f-4124-8665-e7d6dc286975","yes","Michael"
"169","Raw_Data","JUNE_JULY_REACH_NGA_Tool_H2RQuant_NEW_KII_23_05_2019_final_2019_07_12_16_06_21","REACH_NGA_Tool_H2RQuant_NEW_KII","category_ok_C_info_ward","m._kaza","NG008008006","geographic ID harmonization","91a6be1a-741c-4ddb-8d48-171c39a286f0","yes","Michael"
"170","Raw_Data","JUNE_JULY_REACH_NGA_Tool_H2RQuant_NEW_KII_23_05_2019_final_2019_07_12_16_06_21","REACH_NGA_Tool_H2RQuant_NEW_KII","category_ok_C_info_ward","muliye","NG008008007","geographic ID harmonization","95bd38e5-3a7c-4aa0-afe3-aa8e83f35aff","yes","Michael"
"171","Raw_Data","JUNE_JULY_REACH_NGA_Tool_H2RQuant_NEW_KII_23_05_2019_final_2019_07_12_16_06_21","REACH_NGA_Tool_H2RQuant_NEW_KII","category_ok_C_info_ward","afuye","NG008008009","geographic ID harmonization","9c181ae6-99a8-4e41-88f3-828c8c945fb6","yes","Michael"
"172","Raw_Data","JUNE_JULY_REACH_NGA_Tool_H2RQuant_NEW_KII_23_05_2019_final_2019_07_12_16_06_21","REACH_NGA_Tool_H2RQuant_NEW_KII","category_ok_C_info_ward","margata","NG008008004","geographic ID harmonization","a540d57a-1616-43d6-a663-19ad53544b60","yes","Michael"
"173","Raw_Data","JUNE_JULY_REACH_NGA_Tool_H2RQuant_NEW_KII_23_05_2019_final_2019_07_12_16_06_21","REACH_NGA_Tool_H2RQuant_NEW_KII","category_ok_C_info_ward","ngudoram","NG008008008","geographic ID harmonization","a54e7b21-8417-46a6-bbe8-9602b374cb44","yes","Michael"
"174","Raw_Data","JUNE_JULY_REACH_NGA_Tool_H2RQuant_NEW_KII_23_05_2019_final_2019_07_12_16_06_21","REACH_NGA_Tool_H2RQuant_NEW_KII","category_ok_C_info_ward","ngudoram","NG008008008","geographic ID harmonization","ad08d7be-148a-42aa-a4ab-4d2b9a1c8f08","yes","Michael"
"175","Raw_Data","JUNE_JULY_REACH_NGA_Tool_H2RQuant_NEW_KII_23_05_2019_final_2019_07_12_16_06_21","REACH_NGA_Tool_H2RQuant_NEW_KII","category_ok_C_info_ward","hambagda","NG008011008","geographic ID harmonization","b6da005e-a97b-4b0e-b48b-f72c0991bd42","yes","Michael"
"176","Raw_Data","JUNE_JULY_REACH_NGA_Tool_H2RQuant_NEW_KII_23_05_2019_final_2019_07_12_16_06_21","REACH_NGA_Tool_H2RQuant_NEW_KII","category_ok_C_info_ward","muliye","NG008008007","geographic ID harmonization","bc70dac3-6716-407d-8308-0a4429333544","yes","Michael"
"177","Raw_Data","JUNE_JULY_REACH_NGA_Tool_H2RQuant_NEW_KII_23_05_2019_final_2019_07_12_16_06_21","REACH_NGA_Tool_H2RQuant_NEW_KII","category_ok_C_info_ward","muliye","NG008008007","geographic ID harmonization","c2c29fa2-0ad6-40b1-b3f4-2a3c50020aee","yes","Michael"
"178","Raw_Data","JUNE_JULY_REACH_NGA_Tool_H2RQuant_NEW_KII_23_05_2019_final_2019_07_12_16_06_21","REACH_NGA_Tool_H2RQuant_NEW_KII","category_ok_C_info_ward","boboshe","NG008008001","geographic ID harmonization","c374beef-f656-43dc-802d-5fb6e441f1e1","yes","Michael"
"179","Raw_Data","JUNE_JULY_REACH_NGA_Tool_H2RQuant_NEW_KII_23_05_2019_final_2019_07_12_16_06_21","REACH_NGA_Tool_H2RQuant_NEW_KII","category_ok_C_info_ward","ngudoram","NG008008008","geographic ID harmonization","c758ef57-e773-438b-b293-a1d8d0f3d5a5","yes","Michael"
"180","Raw_Data","JUNE_JULY_REACH_NGA_Tool_H2RQuant_NEW_KII_23_05_2019_final_2019_07_12_16_06_21","REACH_NGA_Tool_H2RQuant_NEW_KII","category_ok_C_info_ward","margata","NG008008004","geographic ID harmonization","d4c2c845-78fc-4a13-83e1-f2fb81179213","yes","Michael"
"181","Raw_Data","JUNE_JULY_REACH_NGA_Tool_H2RQuant_NEW_KII_23_05_2019_final_2019_07_12_16_06_21","REACH_NGA_Tool_H2RQuant_NEW_KII","category_ok_C_info_ward","ngudoram","NG008008008","geographic ID harmonization","d704cbc3-6af1-4218-9e92-6fae5fa37680","yes","Michael"
"182","Raw_Data","JUNE_JULY_REACH_NGA_Tool_H2RQuant_NEW_KII_23_05_2019_final_2019_07_12_16_06_21","REACH_NGA_Tool_H2RQuant_NEW_KII","category_ok_C_info_ward","boboshe","NG008008001","geographic ID harmonization","dd695620-eb06-45bc-a243-794a9f4be145","yes","Michael"
"183","Raw_Data","JUNE_JULY_REACH_NGA_Tool_H2RQuant_NEW_KII_23_05_2019_final_2019_07_12_16_06_21","REACH_NGA_Tool_H2RQuant_NEW_KII","category_ok_C_info_ward","muliye","NG008008007","geographic ID harmonization","e0355f68-167d-41a5-82a3-d031ada69402","yes","Michael"
"184","Raw_Data","JUNE_JULY_REACH_NGA_Tool_H2RQuant_NEW_KII_23_05_2019_final_2019_07_12_16_06_21","REACH_NGA_Tool_H2RQuant_NEW_KII","category_ok_C_info_ward","muliye","NG008008007","geographic ID harmonization","e1cd0071-65b1-4d65-bef4-24aad7c01758","yes","Michael"
"185","Raw_Data","JUNE_JULY_REACH_NGA_Tool_H2RQuant_NEW_KII_23_05_2019_final_2019_07_12_16_06_21","REACH_NGA_Tool_H2RQuant_NEW_KII","category_ok_C_info_ward","boboshe","NG008008001","geographic ID harmonization","e5133797-7e1b-4522-b09b-3cc22cbb4a2f","yes","Michael"
"186","Raw_Data","JUNE_JULY_REACH_NGA_Tool_H2RQuant_NEW_KII_23_05_2019_final_2019_07_12_16_06_21","REACH_NGA_Tool_H2RQuant_NEW_KII","category_ok_C_info_ward","ngudoram","NG008008008","geographic ID harmonization","ec807743-3b69-45a7-8c23-2b74afa9ad4b","yes","Michael"
"187","Raw_Data","JUNE_JULY_REACH_NGA_Tool_H2RQuant_NEW_KII_23_05_2019_final_2019_07_12_16_06_21","REACH_NGA_Tool_H2RQuant_NEW_KII","category_ok_C_info_ward","afuye","NG008008009","geographic ID harmonization","f3b67d05-3593-4749-9b10-b0bafd4e65d0","yes","Michael"
"188","Raw_Data","JUNE_JULY_REACH_NGA_Tool_H2RQuant_NEW_KII_23_05_2019_final_2019_07_12_16_06_21","REACH_NGA_Tool_H2RQuant_NEW_KII","category_ok_C_info_ward","afuye","NG008008009","geographic ID harmonization","f72053a0-a050-4d19-a6e1-edad84e2e284","yes","Michael"
"189","Raw_Data","JUNE_JULY_REACH_NGA_Tool_H2RQuant_NEW_KII_23_05_2019_final_2019_07_12_16_06_21","REACH_NGA_Tool_H2RQuant_NEW_KII","category_ok_N_info_source_who_other","Radio","radio","wording_hermonization","08887857-dffc-47e3-b419-3c2a306fb15a","yes","Monday"
"190","Raw_Data","JUNE_JULY_REACH_NGA_Tool_H2RQuant_NEW_KII_23_05_2019_final_2019_07_12_16_06_21","REACH_NGA_Tool_H2RQuant_NEW_KII","category_ok_N_info_source_who_other","Radio","radio","wording_hermonization","0908ce08-4aee-4717-a545-dc90d1d377d0","yes","Monday"
"191","Raw_Data","JUNE_JULY_REACH_NGA_Tool_H2RQuant_NEW_KII_23_05_2019_final_2019_07_12_16_06_21","REACH_NGA_Tool_H2RQuant_NEW_KII","category_ok_N_info_source_who_other","Radio","radio","wording_hermonization","1a36a151-7735-44d5-9069-7841fb0a171a","yes","Monday"
"192","Raw_Data","JUNE_JULY_REACH_NGA_Tool_H2RQuant_NEW_KII_23_05_2019_final_2019_07_12_16_06_21","REACH_NGA_Tool_H2RQuant_NEW_KII","category_ok_N_info_source_who_other","Radio","radio","wording_hermonization","1b0b10d8-07de-4804-9e6e-d695020b4f76","yes","Monday"
"193","Raw_Data","JUNE_JULY_REACH_NGA_Tool_H2RQuant_NEW_KII_23_05_2019_final_2019_07_12_16_06_21","REACH_NGA_Tool_H2RQuant_NEW_KII","category_ok_N_info_source_who_other","Radio","radio","wording_hermonization","1b7e94b6-db2c-47b4-9c3b-cdd0fb1a526f","yes","Monday"
"194","Raw_Data","JUNE_JULY_REACH_NGA_Tool_H2RQuant_NEW_KII_23_05_2019_final_2019_07_12_16_06_21","REACH_NGA_Tool_H2RQuant_NEW_KII","category_ok_N_info_source_who_other","Radio","radio","wording_hermonization","1f04378b-172b-4b15-aade-9212ff748c59","yes","Monday"
"195","Raw_Data","JUNE_JULY_REACH_NGA_Tool_H2RQuant_NEW_KII_23_05_2019_final_2019_07_12_16_06_21","REACH_NGA_Tool_H2RQuant_NEW_KII","category_ok_N_info_source_who_other","Radio","radio","wording_hermonization","1f5cfc40-cffc-4526-af10-130d6e3f7a3e","yes","Monday"
"196","Raw_Data","JUNE_JULY_REACH_NGA_Tool_H2RQuant_NEW_KII_23_05_2019_final_2019_07_12_16_06_21","REACH_NGA_Tool_H2RQuant_NEW_KII","category_ok_N_info_source_who_other","Radio",,"option_exist","20bdccc3-1fd0-4985-a201-bfb0669de6fd","yes","Monday"
"197","Raw_Data","JUNE_JULY_REACH_NGA_Tool_H2RQuant_NEW_KII_23_05_2019_final_2019_07_12_16_06_21","REACH_NGA_Tool_H2RQuant_NEW_KII","category_ok_N_info_source_who_other","Radio",,"option_exist","2e2be968-2371-411c-829e-931828721f79","yes","Monday"
"198","Raw_Data","JUNE_JULY_REACH_NGA_Tool_H2RQuant_NEW_KII_23_05_2019_final_2019_07_12_16_06_21","REACH_NGA_Tool_H2RQuant_NEW_KII","category_ok_N_info_source_who_other","Radio",,"option_exist","359f36a1-ba3b-4c60-b0e7-141e589131f2","yes","Monday"
"199","Raw_Data","JUNE_JULY_REACH_NGA_Tool_H2RQuant_NEW_KII_23_05_2019_final_2019_07_12_16_06_21","REACH_NGA_Tool_H2RQuant_NEW_KII","category_ok_N_info_source_who_other","Radio",,"option_exist","37d0fd31-f323-4684-9141-63130e28d1e0","yes","Monday"
"200","Raw_Data","JUNE_JULY_REACH_NGA_Tool_H2RQuant_NEW_KII_23_05_2019_final_2019_07_12_16_06_21","REACH_NGA_Tool_H2RQuant_NEW_KII","category_ok_N_info_source_who_other","Radio",,"option_exist","4330d176-1d39-4dfc-a73b-63814ae404f5","yes","Monday"
"201","Raw_Data","JUNE_JULY_REACH_NGA_Tool_H2RQuant_NEW_KII_23_05_2019_final_2019_07_12_16_06_21","REACH_NGA_Tool_H2RQuant_NEW_KII","category_ok_N_info_source_who_other","Radio","radio","wording_hermonization","45076859-aa02-4616-9126-af4fc75a331b","yes","Monday"
"202","Raw_Data","JUNE_JULY_REACH_NGA_Tool_H2RQuant_NEW_KII_23_05_2019_final_2019_07_12_16_06_21","REACH_NGA_Tool_H2RQuant_NEW_KII","category_ok_N_info_source_who_other","Radio",,"option_exist","47fccb25-2268-4500-ad9f-001489657442","yes","Monday"
"203","Raw_Data","JUNE_JULY_REACH_NGA_Tool_H2RQuant_NEW_KII_23_05_2019_final_2019_07_12_16_06_21","REACH_NGA_Tool_H2RQuant_NEW_KII","category_ok_N_info_source_who_other","Radio",,"option_exist","4b2c3b06-44a8-45aa-b3e2-5e8f627dc1ff","yes","Monday"
"204","Raw_Data","JUNE_JULY_REACH_NGA_Tool_H2RQuant_NEW_KII_23_05_2019_final_2019_07_12_16_06_21","REACH_NGA_Tool_H2RQuant_NEW_KII","category_ok_N_info_source_who_other","Radio",,"option_exist","4c162005-aceb-4950-b602-8be50d363c69","yes","Monday"
"205","Raw_Data","JUNE_JULY_REACH_NGA_Tool_H2RQuant_NEW_KII_23_05_2019_final_2019_07_12_16_06_21","REACH_NGA_Tool_H2RQuant_NEW_KII","category_ok_N_info_source_who_other","Radio",,"option_exist","4c7f4fac-e7ed-4ecc-895e-6c6933737fa3","yes","Monday"
"206","Raw_Data","JUNE_JULY_REACH_NGA_Tool_H2RQuant_NEW_KII_23_05_2019_final_2019_07_12_16_06_21","REACH_NGA_Tool_H2RQuant_NEW_KII","category_ok_N_info_source_who_other","Radio","radio","wording_hermonization","5035f7d9-81eb-411c-92a6-810082352f8f","yes","Monday"
"207","Raw_Data","JUNE_JULY_REACH_NGA_Tool_H2RQuant_NEW_KII_23_05_2019_final_2019_07_12_16_06_21","REACH_NGA_Tool_H2RQuant_NEW_KII","category_ok_N_info_source_who_other","Radio",,"option_exist","56c3bd01-7cc1-4fe5-b120-33b884599657","yes","Monday"
"208","Raw_Data","JUNE_JULY_REACH_NGA_Tool_H2RQuant_NEW_KII_23_05_2019_final_2019_07_12_16_06_21","REACH_NGA_Tool_H2RQuant_NEW_KII","category_ok_N_info_source_who_other","Radio",,"option_exist","652acd82-decc-4388-b892-e070a9198307","yes","Monday"
"209","Raw_Data","JUNE_JULY_REACH_NGA_Tool_H2RQuant_NEW_KII_23_05_2019_final_2019_07_12_16_06_21","REACH_NGA_Tool_H2RQuant_NEW_KII","category_ok_N_info_source_who_other","Radio","radio","wording_hermonization","67f711e6-30a7-4cb1-bf43-632dcec2d843","yes","Monday"
"210","Raw_Data","JUNE_JULY_REACH_NGA_Tool_H2RQuant_NEW_KII_23_05_2019_final_2019_07_12_16_06_21","REACH_NGA_Tool_H2RQuant_NEW_KII","category_ok_N_info_source_who_other","Radio","radio","wording_hermonization","686f486e-84f2-44d7-ae1c-567515451448","yes","Monday"
"211","Raw_Data","JUNE_JULY_REACH_NGA_Tool_H2RQuant_NEW_KII_23_05_2019_final_2019_07_12_16_06_21","REACH_NGA_Tool_H2RQuant_NEW_KII","category_ok_N_info_source_who_other","Radio",,"option_exist","78410273-fdeb-4f35-9942-5de2cddc5382","yes","Monday"
"212","Raw_Data","JUNE_JULY_REACH_NGA_Tool_H2RQuant_NEW_KII_23_05_2019_final_2019_07_12_16_06_21","REACH_NGA_Tool_H2RQuant_NEW_KII","category_ok_N_info_source_who_other","Radio","radio","wording_hermonization","7be874d3-a356-4831-b738-5947ecb67b8f","yes","Monday"
"213","Raw_Data","JUNE_JULY_REACH_NGA_Tool_H2RQuant_NEW_KII_23_05_2019_final_2019_07_12_16_06_21","REACH_NGA_Tool_H2RQuant_NEW_KII","category_ok_N_info_source_who_other","Radio",,"option_exist","8bfbad09-9db0-4c6b-baab-e1a7a4240e07","yes","Monday"
"214","Raw_Data","JUNE_JULY_REACH_NGA_Tool_H2RQuant_NEW_KII_23_05_2019_final_2019_07_12_16_06_21","REACH_NGA_Tool_H2RQuant_NEW_KII","category_ok_N_info_source_who_other","Radio","radio","wording_hermonization","8d9bdc90-d8d9-47a9-b92d-43878fa48c8c","yes","Monday"
"215","Raw_Data","JUNE_JULY_REACH_NGA_Tool_H2RQuant_NEW_KII_23_05_2019_final_2019_07_12_16_06_21","REACH_NGA_Tool_H2RQuant_NEW_KII","category_ok_N_info_source_who_other","Radio",,"option_exist","93330183-8654-480f-a68e-3e91832aa6eb","yes","Monday"
"216","Raw_Data","JUNE_JULY_REACH_NGA_Tool_H2RQuant_NEW_KII_23_05_2019_final_2019_07_12_16_06_21","REACH_NGA_Tool_H2RQuant_NEW_KII","category_ok_N_info_source_who_other","Radio",,"option_exist","9a0e71b4-8314-4e02-8a5f-f60517ddc3cb","yes","Monday"
"217","Raw_Data","JUNE_JULY_REACH_NGA_Tool_H2RQuant_NEW_KII_23_05_2019_final_2019_07_12_16_06_21","REACH_NGA_Tool_H2RQuant_NEW_KII","category_ok_N_info_source_who_other","Radio","radio","wording_hermonization","9dd45eb6-6872-44c4-985a-04728a526fcd","yes","Monday"
"218","Raw_Data","JUNE_JULY_REACH_NGA_Tool_H2RQuant_NEW_KII_23_05_2019_final_2019_07_12_16_06_21","REACH_NGA_Tool_H2RQuant_NEW_KII","category_ok_N_info_source_who_other","Radio","radio","wording_hermonization","9fa2b4bc-9f7d-4532-810a-1a794ad1abdd","yes","Monday"
"219","Raw_Data","JUNE_JULY_REACH_NGA_Tool_H2RQuant_NEW_KII_23_05_2019_final_2019_07_12_16_06_21","REACH_NGA_Tool_H2RQuant_NEW_KII","category_ok_N_info_source_who_other","Radio",,"option_exist","a075a448-2884-44e0-bad2-eb3938431b74","yes","Monday"
"220","Raw_Data","JUNE_JULY_REACH_NGA_Tool_H2RQuant_NEW_KII_23_05_2019_final_2019_07_12_16_06_21","REACH_NGA_Tool_H2RQuant_NEW_KII","category_ok_N_info_source_who_other","Radio",,"option_exist","a1df4220-b6f2-4ea4-a0c1-5929b6400325","yes","Monday"
"221","Raw_Data","JUNE_JULY_REACH_NGA_Tool_H2RQuant_NEW_KII_23_05_2019_final_2019_07_12_16_06_21","REACH_NGA_Tool_H2RQuant_NEW_KII","category_ok_N_info_source_who_other","Radio","radio","wording_hermonization","a2339305-4c31-4640-9178-f55d63b0784a","yes","Monday"
"222","Raw_Data","JUNE_JULY_REACH_NGA_Tool_H2RQuant_NEW_KII_23_05_2019_final_2019_07_12_16_06_21","REACH_NGA_Tool_H2RQuant_NEW_KII","category_ok_N_info_source_who_other","Radio","radio","wording_hermonization","ab424033-c35f-40a6-979a-f89ac9cc0154","yes","Monday"
"223","Raw_Data","JUNE_JULY_REACH_NGA_Tool_H2RQuant_NEW_KII_23_05_2019_final_2019_07_12_16_06_21","REACH_NGA_Tool_H2RQuant_NEW_KII","category_ok_N_info_source_who_other","Radio",,"option_exist","ab5debbf-0b8e-4892-b590-6f5135c55010","yes","Monday"
"224","Raw_Data","JUNE_JULY_REACH_NGA_Tool_H2RQuant_NEW_KII_23_05_2019_final_2019_07_12_16_06_21","REACH_NGA_Tool_H2RQuant_NEW_KII","category_ok_N_info_source_who_other","Radio",,"option_exist","ad63d9cc-2c04-4534-89db-c1e0ac633e9d","yes","Monday"
"225","Raw_Data","JUNE_JULY_REACH_NGA_Tool_H2RQuant_NEW_KII_23_05_2019_final_2019_07_12_16_06_21","REACH_NGA_Tool_H2RQuant_NEW_KII","category_ok_N_info_source_who_other","Radio","radio","wording_hermonization","c645060d-300d-411c-a582-52c3a7d6fa29","yes","Monday"
"226","Raw_Data","JUNE_JULY_REACH_NGA_Tool_H2RQuant_NEW_KII_23_05_2019_final_2019_07_12_16_06_21","REACH_NGA_Tool_H2RQuant_NEW_KII","category_ok_N_info_source_who_other","No body","none","wording_hermonization","cb8e9de1-8372-4777-8082-cac53c4ee242","yes","Monday"
"227","Raw_Data","JUNE_JULY_REACH_NGA_Tool_H2RQuant_NEW_KII_23_05_2019_final_2019_07_12_16_06_21","REACH_NGA_Tool_H2RQuant_NEW_KII","category_ok_N_info_source_who_other","Radio",,"option_exist","d3f94d3b-65e3-4820-a8fe-d3e4078e58f8","yes","Monday"
"228","Raw_Data","JUNE_JULY_REACH_NGA_Tool_H2RQuant_NEW_KII_23_05_2019_final_2019_07_12_16_06_21","REACH_NGA_Tool_H2RQuant_NEW_KII","category_ok_N_info_source_who_other","Radio",,"option_exist","d72a2c43-4992-41f0-9883-a8d117952121","yes","Monday"
"229","Raw_Data","JUNE_JULY_REACH_NGA_Tool_H2RQuant_NEW_KII_23_05_2019_final_2019_07_12_16_06_21","REACH_NGA_Tool_H2RQuant_NEW_KII","category_ok_N_info_source_who_other","Radio",,"option_exist","df262308-78ed-479b-bbd2-d26d355dd2a7","yes","Monday"
"230","Raw_Data","JUNE_JULY_REACH_NGA_Tool_H2RQuant_NEW_KII_23_05_2019_final_2019_07_12_16_06_21","REACH_NGA_Tool_H2RQuant_NEW_KII","category_ok_N_info_source_who_other","Radio phones","radio","wording_hermonization","e2c4a44f-4dc7-4547-a62f-40acfa5f94a0","yes","Monday"
"231","Raw_Data","JUNE_JULY_REACH_NGA_Tool_H2RQuant_NEW_KII_23_05_2019_final_2019_07_12_16_06_21","REACH_NGA_Tool_H2RQuant_NEW_KII","category_ok_N_info_source_who_other","Radio",,"option_exist","f14e74bb-eb58-487e-b064-f5ea34c1ff5d","yes","Monday"
"232","Raw_Data","JUNE_JULY_REACH_NGA_Tool_H2RQuant_NEW_KII_23_05_2019_final_2019_07_12_16_06_21","REACH_NGA_Tool_H2RQuant_NEW_KII","category_ok_N_info_source_who_other","Radio",,"option_exist","fc06c3de-7688-4534-a9ad-767361e9b8b2","yes","Monday"
"233","Raw_Data","JUNE_JULY_REACH_NGA_Tool_H2RQuant_NEW_KII_23_05_2019_final_2019_07_12_16_06_21","REACH_NGA_Tool_H2RQuant_NEW_KII","category_ok_N_info_source_who_other","Radio","radio","wording_hermonization","ff681fda-9a4e-45a7-a4b4-fca9cc6579df","yes","Monday"
"234","Raw_Data","JUNE_JULY_REACH_NGA_Tool_H2RQuant_NEW_KII_23_05_2019_final_2019_07_12_16_06_21","REACH_NGA_Tool_H2RQuant_NEW_KII","category_ok_D_D3_returnee_type_other","Visit","visit","wording_hermonization","0c151927-9192-40a3-ae7b-f0b191593286","yes","Monday"
"235","Raw_Data","JUNE_JULY_REACH_NGA_Tool_H2RQuant_NEW_KII_23_05_2019_final_2019_07_12_16_06_21","REACH_NGA_Tool_H2RQuant_NEW_KII","category_ok_D_D3_returnee_type_other","Visit","visit","wording_hermonization","498ee4e5-bf09-4174-9500-b864d73fb36b","yes","Monday"
"236","Raw_Data","JUNE_JULY_REACH_NGA_Tool_H2RQuant_NEW_KII_23_05_2019_final_2019_07_12_16_06_21","REACH_NGA_Tool_H2RQuant_NEW_KII","category_ok_D_D3_returnee_type_other","Visit","visit","wording_hermonization","4e85984f-45cb-4f88-9a9a-a22c2cf076e3","yes","Monday"
"237","Raw_Data","JUNE_JULY_REACH_NGA_Tool_H2RQuant_NEW_KII_23_05_2019_final_2019_07_12_16_06_21","REACH_NGA_Tool_H2RQuant_NEW_KII","category_ok_D_D3_returnee_type_other","All they have left but now returned for farming",,"option_exist","538f8cb4-c263-4acd-8be5-e98739ecec95","yes","Monday"
"238","Raw_Data","JUNE_JULY_REACH_NGA_Tool_H2RQuant_NEW_KII_23_05_2019_final_2019_07_12_16_06_21","REACH_NGA_Tool_H2RQuant_NEW_KII","category_ok_D_D3_returnee_type_other","Visit","visit","wording_hermonization","72df8a92-03d7-44c6-bc29-61b7925e01d6","yes","Monday"
"239","Raw_Data","JUNE_JULY_REACH_NGA_Tool_H2RQuant_NEW_KII_23_05_2019_final_2019_07_12_16_06_21","REACH_NGA_Tool_H2RQuant_NEW_KII","category_ok_D_D3_returnee_type_other","Visit","visit","wording_hermonization","b98ba4ff-9f49-442f-9df5-90b0be798585","yes","Monday"
"240","Raw_Data","JUNE_JULY_REACH_NGA_Tool_H2RQuant_NEW_KII_23_05_2019_final_2019_07_12_16_06_21","REACH_NGA_Tool_H2RQuant_NEW_KII","category_ok_D_D3_returnee_type_other","For visit","visit","wording_hermonization","ef4f52e5-4236-4ef5-89b5-7f2162b61767","yes","Monday"
"241","Raw_Data","JUNE_JULY_REACH_NGA_Tool_H2RQuant_NEW_KII_23_05_2019_final_2019_07_12_16_06_21","REACH_NGA_Tool_H2RQuant_NEW_KII","category_ok_I_nfi_need1_other","Blanket sleeping mat",,"option_exist","0d20c0bc-585f-44fa-bde5-4c30343193a5","yes","Monday"
"242","Raw_Data","JUNE_JULY_REACH_NGA_Tool_H2RQuant_NEW_KII_23_05_2019_final_2019_07_12_16_06_21","REACH_NGA_Tool_H2RQuant_NEW_KII","category_ok_I_nfi_need1_other","Blanket 
Soap
Cloth",,"option_exist","9ed32907-b468-44c1-80a5-34fcf7edf9ba","yes","Monday"
"243","Raw_Data","JUNE_JULY_REACH_NGA_Tool_H2RQuant_NEW_KII_23_05_2019_final_2019_07_12_16_06_21","REACH_NGA_Tool_H2RQuant_NEW_KII","category_ok_I_nfi_need1_other","Blanket 
Soap
Cloth",,"option_exist","9ed32907-b468-44c1-80b5-34fcf7edf9bb","yes","Monday"
"244","Raw_Data","JUNE_JULY_REACH_NGA_Tool_H2RQuant_NEW_KII_23_05_2019_final_2019_07_12_16_06_21","REACH_NGA_Tool_H2RQuant_NEW_KII","category_ok_I_nfi_need1","other","sleeping_mat","option_exist","0d20c0bc-585f-44fa-bde5-4c30343193a5","yes","Monday"
"245","Raw_Data","JUNE_JULY_REACH_NGA_Tool_H2RQuant_NEW_KII_23_05_2019_final_2019_07_12_16_06_21","REACH_NGA_Tool_H2RQuant_NEW_KII","category_ok_I_nfi_need1","other","blanket","option_exist","9ed32907-b468-44c1-80a5-34fcf7edf9ba","yes","Monday"
"246","Raw_Data","JUNE_JULY_REACH_NGA_Tool_H2RQuant_NEW_KII_23_05_2019_final_2019_07_12_16_06_21","REACH_NGA_Tool_H2RQuant_NEW_KII","category_ok_I_nfi_need1","other","blanket","option_exist","9ed32907-b468-44c1-80b5-34fcf7edf9bb","yes","Monday"
"247","Raw_Data","JUNE_JULY_REACH_NGA_Tool_H2RQuant_NEW_KII_23_05_2019_final_2019_07_12_16_06_21","REACH_NGA_Tool_H2RQuant_NEW_KII","uuid",,"NULL","Incomplete form","1bebdb89-7874-4f8d-87c6-1758743412d2","yes","Michael"
"248","Raw_Data","JUNE_JULY_REACH_NGA_Tool_H2RQuant_NEW_KII_23_05_2019_final_2019_07_12_16_06_21","REACH_NGA_Tool_H2RQuant_NEW_KII","uuid",,"NULL","Incomplete form","90e1a4ee-56d1-4804-a05c-40b39eae2262","yes","Michael"
"249","Raw_Data","JUNE_JULY_REACH_NGA_Tool_H2RQuant_NEW_KII_23_05_2019_final_2019_07_12_16_06_21","REACH_NGA_Tool_H2RQuant_NEW_KII","uuid",,"NULL","Incomplete form","b8a327cd-8956-4367-bfb8-fbe9e9a2a190","yes","Michael"
"250","Raw_Data","JUNE_JULY_REACH_NGA_Tool_H2RQuant_NEW_KII_23_05_2019_final_2019_07_12_16_06_21","REACH_NGA_Tool_H2RQuant_NEW_KII","uuid",,"NULL","Incomplete form","dceb38f9-6bd0-4a6a-9757-bab9370ff077","yes","Michael"
"251","Raw_Data","JUNE_JULY_REACH_NGA_Tool_H2RQuant_NEW_KII_23_05_2019_final_2019_07_12_16_06_21","REACH_NGA_Tool_H2RQuant_NEW_KII","uuid",,"NULL","Incomplete form","f66ee5fd-57c0-474f-81bf-7a509b0cf750","yes","Michael"
"252","Raw_Data","JUNE_JULY_REACH_NGA_Tool_H2RQuant_NEW_KII_23_05_2019_final_2019_07_12_16_06_21","REACH_NGA_Tool_H2RQuant_NEW_KII","uuid",,"NULL","Incomplete form","f760850a-97b8-4342-86c8-e755e285d10d","yes","Michael"
"253","Raw_Data","JUNE_JULY_REACH_NGA_Tool_H2RQuant_NEW_KII_23_05_2019_final_2019_07_12_16_06_21","REACH_NGA_Tool_H2RQuant_NEW_KII","category_ok_N_info_source_who","other","noresponse","option_exist","20bdccc3-1fd0-4985-a201-bfb0669de6fd","yes","Monday"
"254","Raw_Data","JUNE_JULY_REACH_NGA_Tool_H2RQuant_NEW_KII_23_05_2019_final_2019_07_12_16_06_21","REACH_NGA_Tool_H2RQuant_NEW_KII","category_ok_N_info_source_who","other","noresponse","option_exist","2e2be968-2371-411c-829e-931828721f79","yes","Monday"
"255","Raw_Data","JUNE_JULY_REACH_NGA_Tool_H2RQuant_NEW_KII_23_05_2019_final_2019_07_12_16_06_21","REACH_NGA_Tool_H2RQuant_NEW_KII","category_ok_N_info_source_who","other","noresponse","option_exist","359f36a1-ba3b-4c60-b0e7-141e589131f2","yes","Monday"
"256","Raw_Data","JUNE_JULY_REACH_NGA_Tool_H2RQuant_NEW_KII_23_05_2019_final_2019_07_12_16_06_21","REACH_NGA_Tool_H2RQuant_NEW_KII","category_ok_N_info_source_who","other","noresponse","option_exist","37d0fd31-f323-4684-9141-63130e28d1e0","yes","Monday"
"257","Raw_Data","JUNE_JULY_REACH_NGA_Tool_H2RQuant_NEW_KII_23_05_2019_final_2019_07_12_16_06_21","REACH_NGA_Tool_H2RQuant_NEW_KII","category_ok_N_info_source_who","other","noresponse","option_exist","4330d176-1d39-4dfc-a73b-63814ae404f5","yes","Monday"
"258","Raw_Data","JUNE_JULY_REACH_NGA_Tool_H2RQuant_NEW_KII_23_05_2019_final_2019_07_12_16_06_21","REACH_NGA_Tool_H2RQuant_NEW_KII","category_ok_N_info_source_who","other","noresponse","option_exist","47fccb25-2268-4500-ad9f-001489657442","yes","Monday"
"259","Raw_Data","JUNE_JULY_REACH_NGA_Tool_H2RQuant_NEW_KII_23_05_2019_final_2019_07_12_16_06_21","REACH_NGA_Tool_H2RQuant_NEW_KII","category_ok_N_info_source_who","other","noresponse","option_exist","4b2c3b06-44a8-45aa-b3e2-5e8f627dc1ff","yes","Monday"
"260","Raw_Data","JUNE_JULY_REACH_NGA_Tool_H2RQuant_NEW_KII_23_05_2019_final_2019_07_12_16_06_21","REACH_NGA_Tool_H2RQuant_NEW_KII","category_ok_N_info_source_who","other","noresponse","option_exist","4c162005-aceb-4950-b602-8be50d363c69","yes","Monday"
"261","Raw_Data","JUNE_JULY_REACH_NGA_Tool_H2RQuant_NEW_KII_23_05_2019_final_2019_07_12_16_06_21","REACH_NGA_Tool_H2RQuant_NEW_KII","category_ok_N_info_source_who","other","noresponse","option_exist","4c7f4fac-e7ed-4ecc-895e-6c6933737fa3","yes","Monday"
"262","Raw_Data","JUNE_JULY_REACH_NGA_Tool_H2RQuant_NEW_KII_23_05_2019_final_2019_07_12_16_06_21","REACH_NGA_Tool_H2RQuant_NEW_KII","category_ok_N_info_source_who","other","noresponse","option_exist","56c3bd01-7cc1-4fe5-b120-33b884599657","yes","Monday"
"263","Raw_Data","JUNE_JULY_REACH_NGA_Tool_H2RQuant_NEW_KII_23_05_2019_final_2019_07_12_16_06_21","REACH_NGA_Tool_H2RQuant_NEW_KII","category_ok_N_info_source_who","other","noresponse","option_exist","652acd82-decc-4388-b892-e070a9198307","yes","Monday"
"264","Raw_Data","JUNE_JULY_REACH_NGA_Tool_H2RQuant_NEW_KII_23_05_2019_final_2019_07_12_16_06_21","REACH_NGA_Tool_H2RQuant_NEW_KII","category_ok_N_info_source_who","other","noresponse","option_exist","78410273-fdeb-4f35-9942-5de2cddc5382","yes","Monday"
"265","Raw_Data","JUNE_JULY_REACH_NGA_Tool_H2RQuant_NEW_KII_23_05_2019_final_2019_07_12_16_06_21","REACH_NGA_Tool_H2RQuant_NEW_KII","category_ok_N_info_source_who","other","noresponse","option_exist","8bfbad09-9db0-4c6b-baab-e1a7a4240e07","yes","Monday"
"266","Raw_Data","JUNE_JULY_REACH_NGA_Tool_H2RQuant_NEW_KII_23_05_2019_final_2019_07_12_16_06_21","REACH_NGA_Tool_H2RQuant_NEW_KII","category_ok_N_info_source_who","other","noresponse","option_exist","93330183-8654-480f-a68e-3e91832aa6eb","yes","Monday"
"267","Raw_Data","JUNE_JULY_REACH_NGA_Tool_H2RQuant_NEW_KII_23_05_2019_final_2019_07_12_16_06_21","REACH_NGA_Tool_H2RQuant_NEW_KII","category_ok_N_info_source_who","other","noresponse","option_exist","9a0e71b4-8314-4e02-8a5f-f60517ddc3cb","yes","Monday"
"268","Raw_Data","JUNE_JULY_REACH_NGA_Tool_H2RQuant_NEW_KII_23_05_2019_final_2019_07_12_16_06_21","REACH_NGA_Tool_H2RQuant_NEW_KII","category_ok_N_info_source_who","other","noresponse","option_exist","a075a448-2884-44e0-bad2-eb3938431b74","yes","Monday"
"269","Raw_Data","JUNE_JULY_REACH_NGA_Tool_H2RQuant_NEW_KII_23_05_2019_final_2019_07_12_16_06_21","REACH_NGA_Tool_H2RQuant_NEW_KII","category_ok_N_info_source_who","other","noresponse","option_exist","a1df4220-b6f2-4ea4-a0c1-5929b6400325","yes","Monday"
"270","Raw_Data","JUNE_JULY_REACH_NGA_Tool_H2RQuant_NEW_KII_23_05_2019_final_2019_07_12_16_06_21","REACH_NGA_Tool_H2RQuant_NEW_KII","category_ok_N_info_source_who","other","noresponse","option_exist","ab5debbf-0b8e-4892-b590-6f5135c55010","yes","Monday"
"271","Raw_Data","JUNE_JULY_REACH_NGA_Tool_H2RQuant_NEW_KII_23_05_2019_final_2019_07_12_16_06_21","REACH_NGA_Tool_H2RQuant_NEW_KII","category_ok_N_info_source_who","other","noresponse","option_exist","ad63d9cc-2c04-4534-89db-c1e0ac633e9d","yes","Monday"
"272","Raw_Data","JUNE_JULY_REACH_NGA_Tool_H2RQuant_NEW_KII_23_05_2019_final_2019_07_12_16_06_21","REACH_NGA_Tool_H2RQuant_NEW_KII","category_ok_N_info_source_who","other","noresponse","option_exist","d3f94d3b-65e3-4820-a8fe-d3e4078e58f8","yes","Monday"
"273","Raw_Data","JUNE_JULY_REACH_NGA_Tool_H2RQuant_NEW_KII_23_05_2019_final_2019_07_12_16_06_21","REACH_NGA_Tool_H2RQuant_NEW_KII","category_ok_N_info_source_who","other","noresponse","option_exist","d72a2c43-4992-41f0-9883-a8d117952121","yes","Monday"
"274","Raw_Data","JUNE_JULY_REACH_NGA_Tool_H2RQuant_NEW_KII_23_05_2019_final_2019_07_12_16_06_21","REACH_NGA_Tool_H2RQuant_NEW_KII","category_ok_N_info_source_who","other","noresponse","option_exist","df262308-78ed-479b-bbd2-d26d355dd2a7","yes","Monday"
"275","Raw_Data","JUNE_JULY_REACH_NGA_Tool_H2RQuant_NEW_KII_23_05_2019_final_2019_07_12_16_06_21","REACH_NGA_Tool_H2RQuant_NEW_KII","category_ok_N_info_source_who","other","noresponse","option_exist","f14e74bb-eb58-487e-b064-f5ea34c1ff5d","yes","Monday"
"276","Raw_Data","JUNE_JULY_REACH_NGA_Tool_H2RQuant_NEW_KII_23_05_2019_final_2019_07_12_16_06_21","REACH_NGA_Tool_H2RQuant_NEW_KII","category_ok_N_info_source_who","other","noresponse","option_exist","fc06c3de-7688-4534-a9ad-767361e9b8b2","yes","Monday"
"277","Raw_Data","JUNE_JULY_REACH_NGA_Tool_H2RQuant_NEW_KII_23_05_2019_final_2019_07_12_16_06_21","REACH_NGA_Tool_H2RQuant_NEW_KII","category_ok_I_nfi_source_other","TRUE","FALSE","option_exist","29b62ee0-c101-460e-b4a5-5c8da7ce4ec4","yes","Monday"
"278","Raw_Data","JUNE_JULY_REACH_NGA_Tool_H2RQuant_NEW_KII_23_05_2019_final_2019_07_12_16_06_21","REACH_NGA_Tool_H2RQuant_NEW_KII","category_ok_I_nfi_source_other","TRUE","FALSE","option_exist","29c56ea6-fcfa-49fb-b406-8d2fd5651b68","yes","Monday"
"279","Raw_Data","JUNE_JULY_REACH_NGA_Tool_H2RQuant_NEW_KII_23_05_2019_final_2019_07_12_16_06_21","REACH_NGA_Tool_H2RQuant_NEW_KII","category_ok_I_nfi_source_owned_before","FALSE","TRUE","option_exist","29b62ee0-c101-460e-b4a5-5c8da7ce4ec4","yes","Monday"
"280","Raw_Data","JUNE_JULY_REACH_NGA_Tool_H2RQuant_NEW_KII_23_05_2019_final_2019_07_12_16_06_21","REACH_NGA_Tool_H2RQuant_NEW_KII","category_ok_I_nfi_source_owned_before","FALSE","TRUE","option_exist","29c56ea6-fcfa-49fb-b406-8d2fd5651b68","yes","Monday"
"281","Raw_Data","JUNE_JULY_REACH_NGA_Tool_H2RQuant_NEW_KII_23_05_2019_final_2019_07_12_16_06_21","REACH_NGA_Tool_H2RQuant_NEW_KII","A_base","rann","ngala","wrong base","2b67c103-b88f-476e-ace7-a42938d4c7af","yes","Michael"
"282","Raw_Data","JUNE_JULY_REACH_NGA_Tool_H2RQuant_NEW_KII_23_05_2019_final_2019_07_12_16_06_21","REACH_NGA_Tool_H2RQuant_NEW_KII","A_base","rann","ngala","wrong base","b3315b0b-23ac-431d-a07f-3faaddb5f6ab","yes","Michael"
"283","Raw_Data","JUNE_JULY_REACH_NGA_Tool_H2RQuant_NEW_KII_23_05_2019_final_2019_07_12_16_06_21","REACH_NGA_Tool_H2RQuant_NEW_KII","A_global_enum_id","rann_1","ngala_1","wrong base","2b67c103-b88f-476e-ace7-a42938d4c7af","yes","Michael"
"284","Raw_Data","JUNE_JULY_REACH_NGA_Tool_H2RQuant_NEW_KII_23_05_2019_final_2019_07_12_16_06_21","REACH_NGA_Tool_H2RQuant_NEW_KII","A_global_enum_id","rann_1","ngala_1","wrong base","b3315b0b-23ac-431d-a07f-3faaddb5f6ab","yes","Michael"
"285","Raw_Data","JUNE_JULY_REACH_NGA_Tool_H2RQuant_NEW_KII_23_05_2019_final_2019_07_12_16_06_21","REACH_NGA_Tool_H2RQuant_NEW_KII","category_ok_D_D3_returnee_type","other","harvest_r","option_exist","538f8cb4-c263-4acd-8be5-e98739ecec95","yes","Monday"
"286","Raw_Data","JUNE_JULY_REACH_NGA_Tool_H2RQuant_NEW_KII_23_05_2019_final_2019_07_12_16_06_21","REACH_NGA_Tool_H2RQuant_NEW_KII","category_ok_D_D2_idp_source_lga","dikwa","NG008008","geographic ID harmonization","57bbf692-3a21-47b2-a6ac-cf013aeacfe6","yes","Michael"
"287","Raw_Data","JUNE_JULY_REACH_NGA_Tool_H2RQuant_NEW_KII_23_05_2019_final_2019_07_12_16_06_21","REACH_NGA_Tool_H2RQuant_NEW_KII","category_ok_D_D2_idp_source_lga","gwoza","NG008011","geographic ID harmonization","b6da005e-a97b-4b0e-b48b-f72c0991bd42","yes","Michael"
"288","Raw_Data","JUNE_JULY_REACH_NGA_Tool_H2RQuant_NEW_KII_23_05_2019_final_2019_07_12_16_06_21","REACH_NGA_Tool_H2RQuant_NEW_KII","category_ok_J_latrine_no_usage_other","Not allowed",,"option_exist","652acd82-decc-4388-b892-e070a9198307","yes","Monday"
"289","Raw_Data","JUNE_JULY_REACH_NGA_Tool_H2RQuant_NEW_KII_23_05_2019_final_2019_07_12_16_06_21","REACH_NGA_Tool_H2RQuant_NEW_KII","category_ok_J_latrine_no_usage_other","Because some are using in latrine some are using some",,"delete because it does not make meaning","cca8e702-9fc6-4300-aba7-b43540890748","yes","Monday"
"290","Raw_Data","JUNE_JULY_REACH_NGA_Tool_H2RQuant_NEW_KII_23_05_2019_final_2019_07_12_16_06_21","REACH_NGA_Tool_H2RQuant_NEW_KII","category_ok_J_latrine_no_usage","other","none_available","option_exist","652acd82-decc-4388-b892-e070a9198307","yes","Monday"
"291","Raw_Data","JUNE_JULY_REACH_NGA_Tool_H2RQuant_NEW_KII_23_05_2019_final_2019_07_12_16_06_21","REACH_NGA_Tool_H2RQuant_NEW_KII","category_ok_G_prot_girls_concern_other","No Girls younger than 18 in the settlement.",,"option_exist","c6c07fe7-9eef-4fcd-97f9-6bedbbb5f830","yes","Monday"
"292","Raw_Data","JUNE_JULY_REACH_NGA_Tool_H2RQuant_NEW_KII_23_05_2019_final_2019_07_12_16_06_21","REACH_NGA_Tool_H2RQuant_NEW_KII","category_ok_G_prot_girls_concern","other","none","option_exist","c6c07fe7-9eef-4fcd-97f9-6bedbbb5f830","yes","Monday"
"293","Raw_Data","JUNE_JULY_REACH_NGA_Tool_H2RQuant_NEW_KII_23_05_2019_final_2019_07_12_16_06_21","REACH_NGA_Tool_H2RQuant_NEW_KII","category_ok_G_prot_boys_concern_other","No Boys younger than 18 in the settlement",,"option_exist","c6c07fe7-9eef-4fcd-97f9-6bedbbb5f830","yes","Monday"
"294","Raw_Data","JUNE_JULY_REACH_NGA_Tool_H2RQuant_NEW_KII_23_05_2019_final_2019_07_12_16_06_21","REACH_NGA_Tool_H2RQuant_NEW_KII","category_ok_G_prot_boys_concern","other","none","option_exist","c6c07fe7-9eef-4fcd-97f9-6bedbbb5f830","yes","Monday"
"295","Raw_Data","JUNE_JULY_REACH_NGA_Tool_H2RQuant_NEW_KII_23_05_2019_final_2019_07_12_16_06_21","REACH_NGA_Tool_H2RQuant_NEW_KII","category_ok_N_info_source_other","Through AOGs","through the AOG's","wording_hermonization","e17d82ad-d337-4b92-8cc9-00a8be069d71","yes","Monday"
"296","Raw_Data","JUNE_JULY_REACH_NGA_Tool_H2RQuant_NEW_KII_23_05_2019_final_2019_07_12_16_06_21","REACH_NGA_Tool_H2RQuant_NEW_KII","category_ok_N_info_source_other","Through the AOGs","through the AOG's","wording_hermonization","ff6c6766-1af2-4d06-a9f3-3e80a669556a","yes","Monday"
"297","Raw_Data","JUNE_JULY_REACH_NGA_Tool_H2RQuant_NEW_KII_23_05_2019_final_2019_07_12_16_06_21","REACH_NGA_Tool_H2RQuant_NEW_KII","category_ok_E_current_activities_other","Any van, lorry spoilt on May road is what they engage with.","small business","wording_hermonization","e1f1c58f-01f0-46fa-afb2-adeb7e0c56ca","yes","Monday"
