"","X.Var1","X.Freq","state_lga.Var1","state_lga.Freq","ward_lga.Var1","ward_lga.Freq","settlement_ward_lga.Var1","settlement_ward_lga.Freq","C_info_state.Var1","C_info_state.Freq","C_info_lga.Var1","C_info_lga.Freq","C_info_ward.Var1","C_info_ward.Freq","C_info_settlement.Var1","C_info_settlement.Freq","D_D1_hc_now.Var1","D_D1_hc_now.Freq","D_D1_hc_remain_perc.Var1","D_D1_hc_remain_perc.Freq","D_D1_insurgents_settlements.Var1","D_D1_insurgents_settlements.Freq","D_D1_community_leadership.Var1","D_D1_community_leadership.Freq","D_D1_community_leadership_groups_youth.Var1","D_D1_community_leadership_groups_youth.Freq","D_D1_community_leadership_groups_women.Var1","D_D1_community_leadership_groups_women.Freq","D_D1_community_leadership_groups_elderly.Var1","D_D1_community_leadership_groups_elderly.Freq","D_D1_community_leadership_groups_disabled.Var1","D_D1_community_leadership_groups_disabled.Freq","D_D1_community_leadership_groups_none.Var1","D_D1_community_leadership_groups_none.Freq","D_D2_idp_now.Var1","D_D2_idp_now.Freq","D_D2_idp_perc.Var1","D_D2_idp_perc.Freq","D_D2_idp_time_arrive.Var1","D_D2_idp_time_arrive.Freq","D_D2_idp_source_state.Var1","D_D2_idp_source_state.Freq","D_D2_idp_source_lga.Var1","D_D2_idp_source_lga.Freq","D_D2_idp_abductee.Var1","D_D2_idp_abductee.Freq","D_D3_returnees_now.Var1","D_D3_returnees_now.Freq","D_D4_child_perc.Var1","D_D4_child_perc.Freq","D_D4_pregnant_lactating_perc.Var1","D_D4_pregnant_lactating_perc.Freq","E_food_now.Var1","E_food_now.Freq","E_food_no_reason1.Var1","E_food_no_reason1.Freq","E_food_now_type_main_staples.Var1","E_food_now_type_main_staples.Freq","E_food_now_type_pulses.Var1","E_food_now_type_pulses.Freq","E_food_now_type_fruit.Var1","E_food_now_type_fruit.Freq","E_food_now_type_vegetables.Var1","E_food_now_type_vegetables.Freq","E_food_now_type_meat.Var1","E_food_now_type_meat.Freq","E_food_now_type_milk_dairy.Var1","E_food_now_type_milk_dairy.Freq","E_food_source.Var1","E_food_source.Freq","E_food_wild_now.Var1","E_food_wild_now.Freq","E_meals_number.Var1","E_meals_number.Freq","E_food_distr.Var1","E_food_distr.Freq","E_market_now.Var1","E_market_now.Freq","E_market_now_se.Var1","E_market_now_se.Freq","E_market_now_who.Var1","E_market_now_who.Freq","E_cereal_price_increase.Var1","E_cereal_price_increase.Freq","E_food_coping_consumption_less_expensive_food.Var1","E_food_coping_consumption_less_expensive_food.Freq","E_food_coping_consumption_borrow_food.Var1","E_food_coping_consumption_borrow_food.Freq","E_food_coping_consumption_wild_food.Var1","E_food_coping_consumption_wild_food.Freq","E_food_coping_consumption_limit_meal_size.Var1","E_food_coping_consumption_limit_meal_size.Freq","E_food_coping_consumption_only_children_eat.Var1","E_food_coping_consumption_only_children_eat.Freq","E_food_coping_consumption_reduce_meals.Var1","E_food_coping_consumption_reduce_meals.Freq","E_food_coping_consumption_skip_days.Var1","E_food_coping_consumption_skip_days.Freq","E_food_coping_consumption_none.Var1","E_food_coping_consumption_none.Freq","E_food_coping_livelihoods_borrow_food.Var1","E_food_coping_livelihoods_borrow_food.Freq","E_food_coping_livelihoods_borrow_money.Var1","E_food_coping_livelihoods_borrow_money.Freq","E_food_coping_livelihoods_gather_wild_food.Var1","E_food_coping_livelihoods_gather_wild_food.Freq","E_food_coping_livelihoods_consume_seeds.Var1","E_food_coping_livelihoods_consume_seeds.Freq","E_food_coping_livelihoods_send_children_to_neighbors.Var1","E_food_coping_livelihoods_send_children_to_neighbors.Freq","E_food_coping_livelihoods_household_begs.Var1","E_food_coping_livelihoods_household_begs.Freq","E_food_coping_livelihoods_sell_home_assets.Var1","E_food_coping_livelihoods_sell_home_assets.Freq","E_food_coping_livelihoods_sell_livestock.Var1","E_food_coping_livelihoods_sell_livestock.Freq","E_food_coping_livelihoods_slaughter_livestock.Var1","E_food_coping_livelihoods_slaughter_livestock.Freq","E_food_coping_livelihoods_hunting.Var1","E_food_coping_livelihoods_hunting.Freq","E_food_coping_livelihoods_fishing.Var1","E_food_coping_livelihoods_fishing.Freq","E_food_coping_livelihoods_cattle_camps.Var1","E_food_coping_livelihoods_cattle_camps.Freq","E_food_coping_livelihoods_displacement_camp.Var1","E_food_coping_livelihoods_displacement_camp.Freq","E_food_coping_livelihoods_none.Var1","E_food_coping_livelihoods_none.Freq","E_shock_hunger.Var1","E_shock_hunger.Freq","E_shock_arrival.Var1","E_shock_arrival.Freq","E_shock_cereal_price.Var1","E_shock_cereal_price.Freq","E_shock_protection.Var1","E_shock_protection.Freq","E_current_activities_crops_for_cash.Var1","E_current_activities_crops_for_cash.Freq","E_current_activities_crops_for_sustenance.Var1","E_current_activities_crops_for_sustenance.Freq","E_current_activities_livestock.Var1","E_current_activities_livestock.Freq","E_current_activities_hunting.Var1","E_current_activities_hunting.Freq","E_current_activities_fishing.Var1","E_current_activities_fishing.Freq","E_current_activities_casual_labour.Var1","E_current_activities_casual_labour.Freq","E_current_activities_market.Var1","E_current_activities_market.Freq","E_current_activities_salaries.Var1","E_current_activities_salaries.Freq","E_current_activities_remittances.Var1","E_current_activities_remittances.Freq","E_current_activities_poultry.Var1","E_current_activities_poultry.Freq","E_current_activities_none.Var1","E_current_activities_none.Freq","E_current_activities_other.Var1","E_current_activities_other.Freq","E_livelihoods_practice_subsistence.Var1","E_livelihoods_practice_subsistence.Freq","E_livelihoods_practice_farmingsell.Var1","E_livelihoods_practice_farmingsell.Freq","E_livelihoods_practice_grazing.Var1","E_livelihoods_practice_grazing.Freq","E_livelihoods_practice_markets.Var1","E_livelihoods_practice_markets.Freq","E_livelihoods_practice_transportation.Var1","E_livelihoods_practice_transportation.Freq","E_livelihoods_practice_trade.Var1","E_livelihoods_practice_trade.Freq","E_livelihoods_practice_artisan.Var1","E_livelihoods_practice_artisan.Freq","E_livelihoods_practice_service.Var1","E_livelihoods_practice_service.Freq","E_livelihoods_practice_other.Var1","E_livelihoods_practice_other.Freq","E_livelihoods_barriers.Var1","E_livelihoods_barriers.Freq","E_livelihoods_barriers_choice_farmland.Var1","E_livelihoods_barriers_choice_farmland.Freq","E_livelihoods_barriers_choice_waterways.Var1","E_livelihoods_barriers_choice_waterways.Freq","E_livelihoods_barriers_choice_grazing.Var1","E_livelihoods_barriers_choice_grazing.Freq","E_livelihoods_barriers_choice_markets.Var1","E_livelihoods_barriers_choice_markets.Freq","E_livelihoods_barriers_choice_transportation.Var1","E_livelihoods_barriers_choice_transportation.Freq","E_livelihoods_barriers_choice_other.Var1","E_livelihoods_barriers_choice_other.Freq","E_land_available.Var1","E_land_available.Freq","E_ag_inputs.Var1","E_ag_inputs.Freq","E_harvest_last.Var1","E_harvest_last.Freq","E_harvest_next.Var1","E_harvest_next.Freq","E_livestock_possession.Var1","E_livestock_possession.Freq","E_livestock_access.Var1","E_livestock_access.Freq","E_harvest_who.Var1","E_harvest_who.Freq","E_harvest_use.Var1","E_harvest_use.Freq","E_fuel_cooking.Var1","E_fuel_cooking.Freq","E_fuel_lighting.Var1","E_fuel_lighting.Freq","E_fuel_obtain.Var1","E_fuel_obtain.Freq","E_fuel_insufficient.Var1","E_fuel_insufficient.Freq","F_health_now.Var1","F_health_now.Freq","F_health_dist.Var1","F_health_dist.Freq","F_health_no_reason1.Var1","F_health_no_reason1.Freq","F_supp_feeding.Var1","F_supp_feeding.Freq","F_health_problems1.Var1","F_health_problems1.Freq","F_mortality_increase.Var1","F_mortality_increase.Freq","F_mortality_increase_why.Var1","F_mortality_increase_why.Freq","F_mortality_child.Var1","F_mortality_child.Freq","F_mortality_adults.Var1","F_mortality_adults.Freq","F_mortality_eldery.Var1","F_mortality_eldery.Freq","F_polio_vacc.Var1","F_polio_vacc.Freq","F_polio_vacc_visit.Var1","F_polio_vacc_visit.Freq","F_polio_vacc_infection.Var1","F_polio_vacc_infection.Freq","G_prot_now.Var1","G_prot_now.Freq","G_prot_incidence.Var1","G_prot_incidence.Freq","G_prot_looting.Var1","G_prot_looting.Freq","G_prot_women_concern.Var1","G_prot_women_concern.Freq","G_prot_men_concern.Var1","G_prot_men_concern.Freq","G_prot_girls_concern.Var1","G_prot_girls_concern.Freq","G_prot_boys_concern.Var1","G_prot_boys_concern.Freq","G_prot_unaccompanied.Var1","G_prot_unaccompanied.Freq","G_comm_relations.Var1","G_comm_relations.Freq","G_disputes_violence.Var1","G_disputes_violence.Freq","G_disputes.Var1","G_disputes.Freq","G_lighting.Var1","G_lighting.Freq","G_night_walk.Var1","G_night_walk.Freq","G_abduction_girls.Var1","G_abduction_girls.Freq","G_abduction_boys.Var1","G_abduction_boys.Freq","G_suicide_bombing.Var1","G_suicide_bombing.Freq","G_safe_concerns.Var1","G_safe_concerns.Freq","G_detained_childer.Var1","G_detained_childer.Freq","G_detained_adult.Var1","G_detained_adult.Freq","G_move_men.Var1","G_move_men.Freq","G_move_women.Var1","G_move_women.Freq","G_enslaved_labor.Var1","G_enslaved_labor.Freq","G_mines.Var1","G_mines.Freq","G_quantity_uxo.Var1","G_quantity_uxo.Freq","G_mine_acc_numb.Var1","G_mine_acc_numb.Freq","I_I1_nd_shelter_type1.Var1","I_I1_nd_shelter_type1.Freq","I_I1_nd_location.Var1","I_I1_nd_location.Freq","I_I1_rt_shelter_type1.Var1","I_I1_rt_shelter_type1.Freq","I_I1_rt_location.Var1","I_I1_rt_location.Freq","I_I2_idp_shelter_type1.Var1","I_I2_idp_shelter_type1.Freq","I_I2_idp_location.Var1","I_I2_idp_location.Freq","I_I2_shelter_open_yn.Var1","I_I2_shelter_open_yn.Freq","I_I2_shelter_open.Var1","I_I2_shelter_open.Freq","I_shelter_materials_grass.Var1","I_shelter_materials_grass.Freq","I_shelter_materials_mud.Var1","I_shelter_materials_mud.Freq","I_shelter_materials_timber.Var1","I_shelter_materials_timber.Freq","I_shelter_materials_rope.Var1","I_shelter_materials_rope.Freq","I_shelter_materials_cgi.Var1","I_shelter_materials_cgi.Freq","I_shelter_materials_ps.Var1","I_shelter_materials_ps.Freq","I_shelter_materials_pole.Var1","I_shelter_materials_pole.Freq","I_shelter_materials_none.Var1","I_shelter_materials_none.Freq","I_shelter_materials_other.Var1","I_shelter_materials_other.Freq","I_shelter_damage.Var1","I_shelter_damage.Freq","I_shelter_destroyed_percent.Var1","I_shelter_destroyed_percent.Freq","I_shelter_flooding.Var1","I_shelter_flooding.Freq","I_nfi_available_blanket.Var1","I_nfi_available_blanket.Freq","I_nfi_available_sleeping_mat.Var1","I_nfi_available_sleeping_mat.Freq","I_nfi_available_jerry_can.Var1","I_nfi_available_jerry_can.Freq","I_nfi_available_cooking_pot.Var1","I_nfi_available_cooking_pot.Freq","I_nfi_available_mosquito_net.Var1","I_nfi_available_mosquito_net.Freq","I_nfi_available_bucket.Var1","I_nfi_available_bucket.Freq","I_nfi_available_soap.Var1","I_nfi_available_soap.Freq","I_nfi_available_none.Var1","I_nfi_available_none.Freq","I_nfi_available_other.Var1","I_nfi_available_other.Freq","I_nfi_source_pre_displacement.Var1","I_nfi_source_pre_displacement.Freq","I_nfi_source_market.Var1","I_nfi_source_market.Freq","I_nfi_source_local_community.Var1","I_nfi_source_local_community.Freq","I_nfi_source_ngo.Var1","I_nfi_source_ngo.Freq","I_nfi_source_didnt_get.Var1","I_nfi_source_didnt_get.Freq","I_nfi_source_other.Var1","I_nfi_source_other.Freq","I_nfi_need1.Var1","I_nfi_need1.Freq","I_nfi_distribution.Var1","I_nfi_distribution.Freq","J_water_boreholes.Var1","J_water_boreholes.Freq","J_water_boreholes_functional.Var1","J_water_boreholes_functional.Freq","J_water_now_how.Var1","J_water_now_how.Freq","J_water_now_time.Var1","J_water_now_time.Freq","J_water_source_animals.Var1","J_water_source_animals.Freq","J_water_safety.Var1","J_water_safety.Freq","J_water_source_seasonal.Var1","J_water_source_seasonal.Freq","J_latrine_now.Var1","J_latrine_now.Freq","J_latrine_usage.Var1","J_latrine_usage.Freq","J_latrine_no_usage.Var1","J_latrine_no_usage.Freq","J_hand_washing.Var1","J_hand_washing.Freq","K_edu_now.Var1","K_edu_now.Freq","K_edu_no_reason.Var1","K_edu_no_reason.Freq","K_edu_girl_formal.Var1","K_edu_girl_formal.Freq","K_edu_girl_formal_attendance.Var1","K_edu_girl_formal_attendance.Freq","K_edu_girl_informal.Var1","K_edu_girl_informal.Freq","K_edu_girl_informal_attendance.Var1","K_edu_girl_informal_attendance.Freq","K_attendance_no_reason1_girls.Var1","K_attendance_no_reason1_girls.Freq","K_edu_boy_formal.Var1","K_edu_boy_formal.Freq","K_edu_boy_formal_attendance.Var1","K_edu_boy_formal_attendance.Freq","K_edu_boy_informal.Var1","K_edu_boy_informal.Freq","K_edu_boy_informal_attendance.Var1","K_edu_boy_informal_attendance.Freq","K_attendance_no_reason1_boys.Var1","K_attendance_no_reason1_boys.Freq","N_radio_allowed.Var1","N_radio_allowed.Freq","N_radio_existing.Var1","N_radio_existing.Freq","N_cellphoneallowed.Var1","N_cellphoneallowed.Freq","N_cellphone_existing.Var1","N_cellphone_existing.Freq","N_info_source.Var1","N_info_source.Freq","N_info_source_who.Var1","N_info_source_who.Freq","N_electricity.Var1","N_electricity.Freq","N_mobilephone.Var1","N_mobilephone.Freq","N_info_trust.Var1","N_info_trust.Freq","N_prevent_info.Var1","N_prevent_info.Freq","N_prevent_info_how.Var1","N_prevent_info_how.Freq","N_prevent_info_what.Var1","N_prevent_info_what.Freq","D_D2_idp_source_ward.Var1","D_D2_idp_source_ward.Freq","D_D2_idp_source_settlement.Var1","D_D2_idp_source_settlement.Freq","D_D3_returnee_time_arrived.Var1","D_D3_returnee_time_arrived.Freq","L_idp_leadership.Var1","L_idp_leadership.Freq","ward_htr_settle_cnt.Var1","ward_htr_settle_cnt.Freq","ward_gis_settle_cnt.Var1","ward_gis_settle_cnt.Freq","ward_prcnt_of_H2R.Var1","ward_prcnt_of_H2R.Freq","ward_prcnt20ov_yn.Var1","ward_prcnt20ov_yn.Freq","lga_settle_cnt_H2R.Var1","lga_settle_cnt_H2R.Freq","lga_settle_cnt_GIS.Var1","lga_settle_cnt_GIS.Freq","lga_prcnt_of_H2R.Var1","lga_prcnt_of_H2R.Freq","lga_prcnt20ov_yn.Var1","lga_prcnt20ov_yn.Freq"
"1","1",0.0128205128205128,"borno;NG008008",0.243589743589744,"afuye;NG008008",0.0128205128205128,"027b5f01-fe51-4f76-848f-19ec9d1cfdb8;NG008011011;NG008011",0.0128205128205128,"borno",1,"NG008008",0.243589743589744,"afuye",0.0128205128205128,"xxxxxxxx-xxxx-xxxx-xxxx-xxxxxxxxxxxx",0.179487179487179,"yes",0.961538461538462,"less_half",0.628205128205128,"yes",0.512820512820513,"no",0.628205128205128,"SL",0.756410256410256,"SL",0.756410256410256,"SL",0.756410256410256,"SL",0.756410256410256,"SL",0.756410256410256,"yes",0.512820512820513,"SL",0.487179487179487,"SL",0.487179487179487,"SL",0.487179487179487,"SL",0.487179487179487,"NC",0.67948717948718,"no",0.641025641025641,"less_half",0.794871794871795,"less_half",0.782051282051282,"no",0.846153846153846,"unsafe_access_land",0.564102564102564,"TRUE",0.692307692307692,"TRUE",0.5,"FALSE",1,"TRUE",0.602564102564103,"FALSE",1,"FALSE",0.987179487179487,"cultivated",0.525641025641026,"yes",0.769230769230769,"two",0.512820512820513,"no",0.935897435897436,"no",0.756410256410256,"NC",0.782051282051282,"NC",0.782051282051282,"SL",0.756410256410256,"FALSE",0.551282051282051,"FALSE",0.692307692307692,"TRUE",0.641025641025641,"FALSE",0.666666666666667,"FALSE",0.858974358974359,"FALSE",0.730769230769231,"FALSE",0.871794871794872,"FALSE",1,"FALSE",0.576923076923077,"FALSE",0.782051282051282,"TRUE",0.743589743589744,"FALSE",0.974358974358974,"FALSE",0.923076923076923,"FALSE",0.833333333333333,"FALSE",1,"FALSE",1,"FALSE",1,"FALSE",1,"FALSE",1,"FALSE",1,"FALSE",0.948717948717949,"FALSE",0.987179487179487,"hunger_worst",0.423076923076923,"SL",0.397435897435897,"SL",0.897435897435897,"large_impact",0.41025641025641,"FALSE",0.987179487179487,"TRUE",0.602564102564103,"FALSE",0.782051282051282,"FALSE",0.846153846153846,"FALSE",0.91025641025641,"FALSE",0.858974358974359,"FALSE",0.987179487179487,"FALSE",1,"FALSE",1,"FALSE",0.987179487179487,"FALSE",0.692307692307692,"FALSE",1,"TRUE",0.884615384615385,"TRUE",0.58974358974359,"TRUE",0.935897435897436,"FALSE",0.576923076923077,"FALSE",0.653846153846154,"FALSE",0.717948717948718,"FALSE",0.666666666666667,"FALSE",0.794871794871795,"FALSE",1,"no",0.807692307692308,"TRUE",0.538461538461538,"FALSE",0.602564102564103,"TRUE",0.551282051282051,"FALSE",0.384615384615385,"FALSE",0.461538461538462,"FALSE",0.692307692307692,"no",0.58974358974359,"no",0.82051282051282,"yes",0.666666666666667,"yes",0.641025641025641,"no",0.782051282051282,"no",0.923076923076923,"no",0.512820512820513,"NC",0.67948717948718,"firewood",0.987179487179487,"torchlight",0.641025641025641,"collect_within",0.769230769230769,"reduced_meals",0.641025641025641,"no",0.974358974358974,"SL",0.974358974358974,"never_there",0.743589743589744,"no",0.987179487179487,"malnutrition",0.346153846153846,"yes",0.576923076923077,"SL",0.423076923076923,"hunger_malnutrition",0.346153846153846,"hunger_malnutrition",0.282051282051282,"natural",0.307692307692308,"no",0.858974358974359,"NC",1,"no",0.602564102564103,"worse",0.743589743589744,"no",0.512820512820513,"no",0.653846153846154,"forced_marriage",0.358974358974359,"forced_recruit",0.41025641025641,"forced_marriage",0.358974358974359,"abduct",0.282051282051282,"yes",0.628205128205128,"SL",0.487179487179487,"SL",0.987179487179487,"NC",1,"no",0.641025641025641,"no",0.666666666666667,"no",0.551282051282051,"no",0.67948717948718,"no",0.923076923076923,"inside",0.512820512820513,"no",0.615384615384615,"no",0.58974358974359,"yes",0.576923076923077,"no",0.448717948717949,"no",0.448717948717949,"no",0.730769230769231,"SL",0.858974358974359,"SL",0.858974358974359,"makeshift",0.333333333333333,"proper_home",0.525641025641026,"SL",0.641025641025641,"SL",0.641025641025641,"SL",0.487179487179487,"SL",0.487179487179487,"SL",0.487179487179487,"SL",0.82051282051282,"TRUE",0.935897435897436,"TRUE",0.794871794871795,"FALSE",0.576923076923077,"FALSE",0.846153846153846,"FALSE",0.935897435897436,"FALSE",1,"FALSE",0.576923076923077,"FALSE",1,"FALSE",1,"yes",0.58974358974359,"SL",0.41025641025641,"no",0.82051282051282,"TRUE",0.551282051282051,"TRUE",0.641025641025641,"TRUE",0.512820512820513,"TRUE",0.846153846153846,"FALSE",0.705128205128205,"FALSE",0.538461538461538,"FALSE",0.923076923076923,"FALSE",1,"FALSE",1,"FALSE",0.743589743589744,"FALSE",1,"FALSE",0.769230769230769,"FALSE",1,"FALSE",0.987179487179487,"FALSE",1,"soap",0.41025641025641,"no",0.974358974358974,"no",0.628205128205128,"SL",0.628205128205128,"unpro_well",0.358974358974359,"30_minutes_1_hour",0.474358974358974,"no",0.538461538461538,"no",0.525641025641026,"yes",0.91025641025641,"yes",0.666666666666667,"SL",0.333333333333333,"SL",0.538461538461538,"only_water",0.641025641025641,"no",0.782051282051282,"no_facilities",0.615384615384615,"SL",0.782051282051282,"SL",0.987179487179487,"SL",0.782051282051282,"SL",0.782051282051282,"NC",0.974358974358974,"SL",0.782051282051282,"SL",0.987179487179487,"SL",0.782051282051282,"SL",0.782051282051282,"NC",0.974358974358974,"no",0.435897435897436,"no",0.461538461538462,"no",0.653846153846154,"no",0.730769230769231,"in_person",0.692307692307692,"friend_family",0.717948717948718,"none",0.974358974358974,"no",0.897435897435897,"person",0.858974358974359,"yes",0.602564102564103,"SL",0.397435897435897,"SL",0.397435897435897,"NC",0.512820512820513,"NC",0.512820512820513,"SL",0.641025641025641,"SL",0.769230769230769,"1",1,"0",0.141025641025641,"0",0.141025641025641,"0",0.756410256410256,"19",0.243589743589744,"232",0.243589743589744,"0.0818965517241379",0.243589743589744,"0",0.756410256410256
"2","2",0.0128205128205128,"borno;NG008003",0.179487179487179,"boboshe;NG008008",0.0128205128205128,"0868fca3-82d3-4665-8c80-90fb9f222a9d;NG008019003;NG008019",0.0128205128205128,,,"NG008003",0.179487179487179,"boboshe",0.0128205128205128,"other",0.0256410256410256,"no",0.0384615384615385,"more_half",0.141025641025641,"no",0.358974358974359,"yes",0.243589743589744,"NC",0.128205128205128,"FALSE",0.141025641025641,"TRUE",0.141025641025641,"FALSE",0.166666666666667,"FALSE",0.153846153846154,"no",0.487179487179487,"NC",0.333333333333333,"1_month",0.128205128205128,"NC",0.384615384615385,"NC",0.384615384615385,"yes",0.217948717948718,"yes",0.358974358974359,"half",0.0769230769230769,"NC",0.0897435897435897,"yes",0.153846153846154,"NC",0.153846153846154,"FALSE",0.307692307692308,"FALSE",0.435897435897436,,,"FALSE",0.397435897435897,,,"TRUE",0.0128205128205128,"forage",0.41025641025641,"no",0.230769230769231,"one",0.230769230769231,"yes",0.0641025641025641,"yes",0.243589743589744,"no",0.179487179487179,"yes",0.153846153846154,"no",0.141025641025641,"TRUE",0.397435897435897,"TRUE",0.294871794871795,"FALSE",0.333333333333333,"TRUE",0.243589743589744,"TRUE",0.0897435897435897,"TRUE",0.217948717948718,"TRUE",0.102564102564103,,,"TRUE",0.384615384615385,"TRUE",0.205128205128205,"FALSE",0.217948717948718,"TRUE",0.0256410256410256,"NC",0.0512820512820513,"TRUE",0.102564102564103,,,,,,,,,,,,,"NC",0.0256410256410256,"TRUE",0.0128205128205128,"hunger_severe",0.217948717948718,"NC",0.358974358974359,"NC",0.0897435897435897,"no_impact",0.358974358974359,"TRUE",0.0128205128205128,"FALSE",0.371794871794872,"TRUE",0.217948717948718,"TRUE",0.102564102564103,"TRUE",0.0769230769230769,"TRUE",0.0897435897435897,"NC",0.0128205128205128,,,,,"NC",0.0128205128205128,"TRUE",0.307692307692308,,,"FALSE",0.115384615384615,"FALSE",0.371794871794872,"FALSE",0.0512820512820513,"TRUE",0.423076923076923,"TRUE",0.333333333333333,"TRUE",0.243589743589744,"TRUE",0.256410256410256,"TRUE",0.153846153846154,,,"yes",0.192307692307692,"FALSE",0.243589743589744,"SL",0.192307692307692,"SL",0.192307692307692,"TRUE",0.371794871794872,"TRUE",0.307692307692308,"SL",0.192307692307692,"yes",0.41025641025641,"yes",0.179487179487179,"no",0.205128205128205,"no",0.230769230769231,"yes",0.217948717948718,"yes",0.0769230769230769,"yes",0.474358974358974,"other",0.128205128205128,"NC",0.0128205128205128,"firewood",0.217948717948718,"collect_outside",0.205128205128205,"fuel_sufficient",0.294871794871795,"yes",0.0256410256410256,"NC",0.0256410256410256,"destroyed_viol",0.0897435897435897,"yes",0.0128205128205128,"fever",0.217948717948718,"no",0.423076923076923,"NC",0.269230769230769,"malaria_fever",0.230769230769231,"NC",0.243589743589744,"hunger_malnutrition",0.282051282051282,"NC",0.128205128205128,,,"yes",0.256410256410256,"stay",0.115384615384615,"yes",0.487179487179487,"yes",0.333333333333333,"none",0.179487179487179,"none",0.192307692307692,"none",0.179487179487179,"none",0.230769230769231,"no",0.371794871794872,"NC",0.320512820512821,"no",0.0128205128205128,,,"yes",0.358974358974359,"yes",0.333333333333333,"yes",0.435897435897436,"yes",0.307692307692308,"yes",0.0769230769230769,"outside",0.320512820512821,"yes",0.256410256410256,"yes",0.282051282051282,"no",0.282051282051282,"yes",0.423076923076923,"yes",0.423076923076923,"yes",0.141025641025641,"1.5",0.0256410256410256,"no",0.102564102564103,"tent",0.256410256410256,"bush",0.179487179487179,"NC",0.243589743589744,"NC",0.230769230769231,"NC",0.333333333333333,"NC",0.320512820512821,"no",0.333333333333333,"NC",0.153846153846154,"FALSE",0.0384615384615385,"FALSE",0.192307692307692,"TRUE",0.346153846153846,"TRUE",0.153846153846154,"TRUE",0.0641025641025641,,,"TRUE",0.397435897435897,,,,,"no",0.41025641025641,"NC",0.333333333333333,"yes",0.179487179487179,"FALSE",0.384615384615385,"FALSE",0.282051282051282,"FALSE",0.435897435897436,"FALSE",0.102564102564103,"TRUE",0.243589743589744,"TRUE",0.397435897435897,"NC",0.0384615384615385,,,,,"TRUE",0.230769230769231,,,"TRUE",0.179487179487179,,,"TRUE",0.0128205128205128,,,"clothes",0.115384615384615,"yes",0.0256410256410256,"yes",0.371794871794872,"yes",0.294871794871795,"pro_well",0.320512820512821,"under_30_minutes",0.371794871794872,"yes",0.461538461538462,"yes",0.474358974358974,"no",0.0897435897435897,"no",0.333333333333333,"NC",0.269230769230769,"none_available",0.256410256410256,"ash",0.230769230769231,"yes",0.217948717948718,"SL",0.217948717948718,"no",0.205128205128205,"NC",0.0128205128205128,"yes",0.217948717948718,"NC",0.205128205128205,"insecurity",0.0256410256410256,"no",0.205128205128205,"NC",0.0128205128205128,"yes",0.217948717948718,"NC",0.192307692307692,"insecurity",0.0256410256410256,"yes",0.435897435897436,"yes",0.41025641025641,"yes",0.217948717948718,"NC",0.141025641025641,"none",0.205128205128205,"NC",0.269230769230769,"less_half",0.0128205128205128,"yes",0.0897435897435897,"none",0.0641025641025641,"no",0.397435897435897,"security",0.205128205128205,"info_aoo",0.166666666666667,"SL",0.487179487179487,"SL",0.487179487179487,"NC",0.358974358974359,"NC",0.230769230769231,,,"23",0.0512820512820513,"0.015",0.128205128205128,"1",0.243589743589744,"14",0.179487179487179,"804",0.179487179487179,"0.0174129353233831",0.179487179487179,"1",0.243589743589744
"3","3",0.0128205128205128,"borno;NG008011",0.153846153846154,"gajibo;NG008008",0.0128205128205128,"08cdac3b-6b96-49e3-8d54-93b64d0c8550;NG008011003;NG008011",0.0128205128205128,,,"NG008011",0.153846153846154,"gajibo",0.0128205128205128,"027b5f01-fe51-4f76-848f-19ec9d1cfdb8",0.0128205128205128,,,"NC",0.115384615384615,"NC",0.128205128205128,"NC",0.128205128205128,"TRUE",0.0641025641025641,"NC",0.102564102564103,"NC",0.0897435897435897,"NC",0.0769230769230769,"NC",0.0897435897435897,,,"less_half",0.115384615384615,"1_year",0.115384615384615,"borno",0.128205128205128,"NG008011",0.0641025641025641,"no",0.102564102564103,,,"NC",0.0769230769230769,"more_half",0.0384615384615385,,,"SL",0.153846153846154,,,"NC",0.0641025641025641,,,,,,,,,"NC",0.0512820512820513,,,"three",0.153846153846154,,,,,"yes",0.0384615384615385,"no",0.0641025641025641,"yes",0.102564102564103,"NC",0.0512820512820513,"NC",0.0128205128205128,"NC",0.0256410256410256,"NC",0.0897435897435897,"NC",0.0512820512820513,"NC",0.0512820512820513,"NC",0.0256410256410256,,,"NC",0.0384615384615385,"NC",0.0128205128205128,"NC",0.0384615384615385,,,"TRUE",0.0256410256410256,"NC",0.0641025641025641,,,,,,,,,,,,,"TRUE",0.0256410256410256,,,"SL",0.153846153846154,"large_impact",0.102564102564103,"no_impact",0.0128205128205128,"small_impact",0.217948717948718,,,"NC",0.0256410256410256,,,"NC",0.0512820512820513,"NC",0.0128205128205128,"NC",0.0512820512820513,,,,,,,,,,,,,,,"NC",0.0384615384615385,"NC",0.0128205128205128,,,"NC",0.0128205128205128,"NC",0.0384615384615385,"NC",0.0769230769230769,"NC",0.0512820512820513,,,,,"SL",0.192307692307692,"TRUE",0.153846153846154,"FALSE",0.153846153846154,"SL",0.192307692307692,"SL",0.192307692307692,"TRUE",0.0769230769230769,,,,,"NC",0.128205128205128,"NC",0.128205128205128,,,,,"NC",0.0128205128205128,"pay_landlord",0.102564102564103,,,"none",0.128205128205128,"NC",0.0256410256410256,"NC",0.0384615384615385,,,,,"NC",0.0641025641025641,,,"malaria",0.128205128205128,,,"hunger_malnutrition",0.256410256410256,"NC",0.205128205128205,"malaria_fever",0.205128205128205,"NC",0.192307692307692,"yes",0.0128205128205128,,,"NC",0.141025641025641,"better",0.102564102564103,,,"NC",0.0128205128205128,"aog_violence",0.141025641025641,"aog_violence",0.115384615384615,"early_marr",0.153846153846154,"forced_recruit",0.141025641025641,,,"good",0.179487179487179,,,,,,,,,"NC",0.0128205128205128,"NC",0.0128205128205128,,,"NC",0.166666666666667,"NC",0.128205128205128,"NC",0.128205128205128,"NC",0.141025641025641,"NC",0.128205128205128,"NC",0.128205128205128,"NC",0.128205128205128,"2",0.0256410256410256,"yes",0.0384615384615385,"permanent",0.217948717948718,"other_home",0.141025641025641,"makeshift",0.0769230769230769,"other_home",0.0512820512820513,"makeshift",0.128205128205128,"bush",0.102564102564103,"yes",0.179487179487179,"less_half",0.0128205128205128,"NC",0.0256410256410256,"NC",0.0128205128205128,"NC",0.0769230769230769,,,,,,,"NC",0.0256410256410256,,,,,,,"less_half",0.128205128205128,,,"NC",0.0641025641025641,"NC",0.0769230769230769,"NC",0.0512820512820513,"NC",0.0512820512820513,"NC",0.0512820512820513,"NC",0.0641025641025641,"TRUE",0.0384615384615385,,,,,"NC",0.0256410256410256,,,"NC",0.0512820512820513,,,,,,,"mosquito_net",0.115384615384615,,,,,"no",0.0769230769230769,"well",0.115384615384615,"1_hour_half_day",0.0769230769230769,,,,,,,,,"more_half",0.205128205128205,"NC",0.192307692307692,"soap",0.0769230769230769,,,"facilities_dest_con",0.102564102564103,"yes",0.0128205128205128,,,,,"less_half",0.0128205128205128,,,"yes",0.0128205128205128,,,,,"more_half",0.0256410256410256,,,"NC",0.128205128205128,"NC",0.128205128205128,"NC",0.128205128205128,"yes",0.128205128205128,"radio",0.0769230769230769,"leader_chief",0.0128205128205128,"NC",0.0128205128205128,"NC",0.0128205128205128,"phone_call",0.0512820512820513,,,"no_mobile",0.179487179487179,"NC",0.153846153846154,,,,,,,,,,,"8",0.0384615384615385,"0.01",0.102564102564103,,,"6",0.153846153846154,"743",0.153846153846154,"0.0161507402422611",0.153846153846154,,
"4","4",0.0128205128205128,"borno;NG008022",0.115384615384615,"hambagda;NG008011",0.0128205128205128,"09ff454b-3aa6-48b3-a7c0-996896353eea;NG008008008;NG008008",0.0128205128205128,,,"NG008022",0.115384615384615,"hambagda",0.0128205128205128,"0868fca3-82d3-4665-8c80-90fb9f222a9d",0.0128205128205128,,,"half",0.0769230769230769,,,,,"FALSE",0.0512820512820513,,,"FALSE",0.0128205128205128,,,,,,,"more_half",0.0384615384615385,"4_6_months",0.115384615384615,,,"NG008003",0.0256410256410256,,,,,"none",0.0384615384615385,"none",0.0384615384615385,,,"food_taken_away_by_AOG",0.0897435897435897,,,,,,,,,,,,,"family_friends",0.0128205128205128,,,"NC",0.0897435897435897,,,,,,,,,,,,,,,,,,,,,,,,,,,,,,,,,,,,,,,,,,,,,,,,,,,,,,,"NC",0.141025641025641,"small_impact",0.0769230769230769,,,"NC",0.0128205128205128,,,,,,,,,,,,,,,,,,,,,,,,,,,,,,,,,,,,,,,,,,,,,"NC",0.0256410256410256,"NC",0.0512820512820513,"NC",0.102564102564103,"NC",0.0512820512820513,"NC",0.0384615384615385,"NC",0.0384615384615385,,,,,,,,,,,,,,,"pay_authorities",0.0769230769230769,,,"NC",0.0128205128205128,,,"nothing",0.0256410256410256,,,,,"no_drugs",0.0256410256410256,,,"NC",0.102564102564103,,,"natural",0.0256410256410256,"cholera_diarrhea",0.102564102564103,"natural",0.141025641025641,"malaria_fever",0.166666666666667,,,,,,,"NC",0.0384615384615385,,,,,"fear_of_being_beaten_by_AOG",0.128205128205128,"fear_of_being_beaten_by_AOG",0.115384615384615,"abduct",0.128205128205128,"fear_of_being_beaten_by_AOG",0.128205128205128,,,"neutral",0.0128205128205128,,,,,,,,,,,,,,,,,,,,,,,,,,,,,"110",0.0128205128205128,,,"NC",0.128205128205128,"NC",0.115384615384615,"abandoned",0.0256410256410256,"proper_home",0.0512820512820513,"emergency_tent",0.0256410256410256,"host_com",0.0769230769230769,,,"none",0.0128205128205128,,,,,,,,,,,,,,,,,,,,,"more_half",0.0897435897435897,,,,,,,,,,,,,,,,,,,,,,,,,,,,,,,,,"NC",0.115384615384615,,,,,,,"NC",0.0769230769230769,"NC",0.0769230769230769,,,,,,,,,"all",0.141025641025641,"cultural_reasons",0.0128205128205128,"NC",0.0384615384615385,,,"NC",0.0512820512820513,,,,,,,,,,,,,,,,,,,,,,,,,,,,,"NC",0.0256410256410256,,,,,,,"NC",0.0128205128205128,,,"no_obstacle",0.128205128205128,"info_aid",0.115384615384615,,,,,,,,,,,"11",0.0256410256410256,"0.02",0.102564102564103,,,"12",0.153846153846154,"288",0.115384615384615,"0.03125",0.115384615384615,,
"5","5",0.0128205128205128,"borno;NG008010",0.0769230769230769,"m._kaza;NG008008",0.0128205128205128,"0bf117c9-256b-46b7-a506-cd2912fc7c65;NG008011002;NG008011",0.0128205128205128,,,"NG008010",0.0769230769230769,"m._kaza",0.0128205128205128,"08cdac3b-6b96-49e3-8d54-93b64d0c8550",0.0128205128205128,,,"SL",0.0384615384615385,,,,,,,,,,,,,,,,,"half",0.0256410256410256,"3_months",0.0897435897435897,,,"NG008008",0.0128205128205128,,,,,"more_half",0.0128205128205128,"dontknow",0.0256410256410256,,,"no_cash_food",0.0256410256410256,,,,,,,,,,,,,,,,,"Less_than_1",0.0128205128205128,,,,,,,,,,,,,,,,,,,,,,,,,,,,,,,,,,,,,,,,,,,,,,,,,,,,,,,"hunger_small",0.0641025641025641,"no_impact",0.0641025641025641,,,,,,,,,,,,,,,,,,,,,,,,,,,,,,,,,,,,,,,,,,,,,,,,,,,,,,,,,,,,,,,,,,,,,,,,,,,"dontknow",0.0128205128205128,,,,,,,,,,,,,"no_staff",0.0256410256410256,,,"diarrhea",0.0769230769230769,,,"cholera_diarrhea",0.0128205128205128,"natural",0.0769230769230769,"cholera_diarrhea",0.0512820512820513,"cholera_diarrhea",0.0256410256410256,,,,,,,,,,,,,"NC",0.102564102564103,"NC",0.0512820512820513,"NC",0.102564102564103,"NC",0.102564102564103,,,,,,,,,,,,,,,,,,,,,,,,,,,,,,,,,"12.5555555555556",0.0128205128205128,,,"SL",0.0384615384615385,"SL",0.0384615384615385,"tent",0.0128205128205128,"bush",0.0256410256410256,"permanent",0.0128205128205128,"community_bldg",0.0128205128205128,,,,,,,,,,,,,,,,,,,,,,,,,"all",0.0256410256410256,,,,,,,,,,,,,,,,,,,,,,,,,,,,,,,,,"sleeping_mat",0.0897435897435897,,,,,,,"river",0.0641025641025641,,,,,,,,,,,"less_half",0.0384615384615385,,,"sand",0.0128205128205128,,,"repurpose",0.0128205128205128,,,,,,,,,,,,,,,,,,,,,,,,,,,,,,,,,,,,,"radio",0.0128205128205128,,,"NC",0.0897435897435897,"info_family",0.102564102564103,,,,,,,,,,,"14",0.0256410256410256,"0.03",0.0769230769230769,,,"9",0.115384615384615,"255",0.0769230769230769,"0.00476568705321684",0.0769230769230769,,
"6","6",0.0128205128205128,"borno;NG008015",0.0769230769230769,"m._maja;NG008008",0.0128205128205128,"0fc9aeff-f678-4798-a33e-ab2158a84381;NG008002001;NG008002",0.0128205128205128,,,"NG008015",0.0769230769230769,"m._maja",0.0128205128205128,"09ff454b-3aa6-48b3-a7c0-996896353eea",0.0128205128205128,,,,,,,,,,,,,,,,,,,,,,,"7_12_months",0.0641025641025641,,,"NG008016",0.0128205128205128,,,,,,,"half",0.0256410256410256,,,"crops_destroyed_fight",0.0128205128205128,,,,,,,,,,,,,,,,,,,,,,,,,,,,,,,,,,,,,,,,,,,,,,,,,,,,,,,,,,,,,,,,,,,,,,,,,,,,,,,,,,,,,,,,,,,,,,,,,,,,,,,,,,,,,,,,,,,,,,,,,,,,,,,,,,,,,,,,,,,,,,,,,,,,,,,,,,,,,,,,,,,,,"security",0.0256410256410256,,,"none",0.0641025641025641,,,"other",0.0128205128205128,"other",0.0384615384615385,"conflict",0.0384615384615385,"kalazar",0.0128205128205128,,,,,,,,,,,,,"family_sep",0.0512820512820513,"sex_viol",0.0384615384615385,"fear_of_being_beaten_by_AOG",0.0512820512820513,"harass",0.0512820512820513,,,,,,,,,,,,,,,,,,,,,,,,,,,,,,,,,"12.6",0.0128205128205128,,,"abandoned",0.0256410256410256,,,,,,,"tent",0.0128205128205128,,,,,,,,,,,,,,,,,,,,,,,,,,,"half",0.0128205128205128,,,,,,,,,,,,,,,,,,,,,,,,,,,,,,,,,"blanket",0.0769230769230769,,,,,,,"borehole",0.0384615384615385,,,,,,,,,,,"half",0.0128205128205128,,,,,,,,,,,,,,,,,,,,,,,,,,,,,,,,,,,,,,,,,,,,,,,,,,,"info_movement",0.0512820512820513,,,,,,,,,,,"17",0.0256410256410256,"0.035",0.0641025641025641,,,"3",0.0769230769230769,"1259",0.0769230769230769,"0.0235294117647059",0.0769230769230769,,
"7","7",0.0128205128205128,"borno;NG008017",0.0384615384615385,"margata;NG008008",0.0128205128205128,"11b31243-dc46-467c-97a3-91ad19ac040c;NG008022013;NG008022",0.0128205128205128,,,"NG008017",0.0384615384615385,"margata",0.0128205128205128,"0bf117c9-256b-46b7-a506-cd2912fc7c65",0.0128205128205128,,,,,,,,,,,,,,,,,,,,,,,,,,,"NG008017",0.0128205128205128,,,,,,,,,,,,,,,,,,,,,,,,,,,,,,,,,,,,,,,,,,,,,,,,,,,,,,,,,,,,,,,,,,,,,,,,,,,,,,,,,,,,,,,,,,,,,,,,,,,,,,,,,,,,,,,,,,,,,,,,,,,,,,,,,,,,,,,,,,,,,,,,,,,,,,,,,,,,,,,,,,,,,,,,,,,,,,,,,"SL",0.0256410256410256,,,"cholera",0.0256410256410256,,,,,,,"other",0.0256410256410256,"other",0.0128205128205128,,,,,,,,,,,,,"abduct",0.0128205128205128,"abduct",0.0256410256410256,"aog_violence",0.0128205128205128,"aog_violence",0.0256410256410256,,,,,,,,,,,,,,,,,,,,,,,,,,,,,,,,,"15.6",0.0128205128205128,,,,,,,,,,,,,,,,,,,,,,,,,,,,,,,,,,,,,,,,,,,,,,,,,,,,,,,,,,,,,,,,,,,,,,,,,"cooking_pot",0.0641025641025641,,,,,,,"pond",0.0128205128205128,,,,,,,,,,,,,,,,,,,,,,,,,,,,,,,,,,,,,,,,,,,,,,,,,,,,,,,,,,,,,,,"info_admin",0.0128205128205128,,,,,,,,,,,"18",0.0256410256410256,"0.025",0.0512820512820513,,,"2",0.0512820512820513,"231",0.0384615384615385,"0.00521739130434783",0.0384615384615385,,
"8","8",0.0128205128205128,"borno;NG008025",0.0384615384615385,"muliye;NG008008",0.0128205128205128,"12067701-fbe2-4462-afb5-259dc4271d3d;NG008010005;NG008010",0.0128205128205128,,,"NG008025",0.0384615384615385,"muliye",0.0128205128205128,"0fc9aeff-f678-4798-a33e-ab2158a84381",0.0128205128205128,,,,,,,,,,,,,,,,,,,,,,,,,,,,,,,,,,,,,,,,,,,,,,,,,,,,,,,,,,,,,,,,,,,,,,,,,,,,,,,,,,,,,,,,,,,,,,,,,,,,,,,,,,,,,,,,,,,,,,,,,,,,,,,,,,,,,,,,,,,,,,,,,,,,,,,,,,,,,,,,,,,,,,,,,,,,,,,,,,,,,,,,,,,,,,,,,,,,,,,,,,,,,,,,,"measles",0.0256410256410256,,,,,,,"typhoid",0.0128205128205128,,,,,,,,,,,,,,,"looting",0.0128205128205128,"harass",0.0256410256410256,"looting",0.0128205128205128,"forced_marriage",0.0128205128205128,,,,,,,,,,,,,,,,,,,,,,,,,,,,,,,,,"15.75",0.0128205128205128,,,,,,,,,,,,,,,,,,,,,,,,,,,,,,,,,,,,,,,,,,,,,,,,,,,,,,,,,,,,,,,,,,,,,,,,,"jerry_can",0.0128205128205128,,,,,,,"tapstand",0.0128205128205128,,,,,,,,,,,,,,,,,,,,,,,,,,,,,,,,,,,,,,,,,,,,,,,,,,,,,,,,,,,,,,,,,,,,,,,,,,,"21",0.0256410256410256,"0.045",0.0512820512820513,,,"1",0.0256410256410256,"575",0.0384615384615385,"0.012987012987013",0.0384615384615385,,
"9","9",0.0128205128205128,"borno;NG008016",0.0256410256410256,"NG008001002;NG008001",0.0128205128205128,"161d9729-694e-436f-8720-c91c9bbbe235;NG008010003;NG008010",0.0128205128205128,,,"NG008016",0.0256410256410256,"NG008001002",0.0128205128205128,"11b31243-dc46-467c-97a3-91ad19ac040c",0.0128205128205128,,,,,,,,,,,,,,,,,,,,,,,,,,,,,,,,,,,,,,,,,,,,,,,,,,,,,,,,,,,,,,,,,,,,,,,,,,,,,,,,,,,,,,,,,,,,,,,,,,,,,,,,,,,,,,,,,,,,,,,,,,,,,,,,,,,,,,,,,,,,,,,,,,,,,,,,,,,,,,,,,,,,,,,,,,,,,,,,,,,,,,,,,,,,,,,,,,,,,,,,,,,,,,,,,"skin_disease",0.0128205128205128,,,,,,,,,,,,,,,,,,,,,,,"sex_viol",0.0128205128205128,"kill_inj_oth",0.0128205128205128,,,"kill_inj_oth",0.0128205128205128,,,,,,,,,,,,,,,,,,,,,,,,,,,,,,,,,"31.8571428571429",0.0128205128205128,,,,,,,,,,,,,,,,,,,,,,,,,,,,,,,,,,,,,,,,,,,,,,,,,,,,,,,,,,,,,,,,,,,,,,,,,,,,,,,,,,,,,,,,,,,,,,,,,,,,,,,,,,,,,,,,,,,,,,,,,,,,,,,,,,,,,,,,,,,,,,,,,,,,,,,,,,,,,"31",0.0256410256410256,"0.06",0.0512820512820513,,,,,"352",0.0256410256410256,"0.0016260162601626",0.0256410256410256,,
"10","10",0.0128205128205128,"borno;NG008019",0.0256410256410256,"NG008002001;NG008002",0.0128205128205128,"1626ad22-9f44-413c-a9e5-344ac7dec0cf;NG008011010;NG008011",0.0128205128205128,,,"NG008019",0.0256410256410256,"NG008002001",0.0128205128205128,"12067701-fbe2-4462-afb5-259dc4271d3d",0.0128205128205128,,,,,,,,,,,,,,,,,,,,,,,,,,,,,,,,,,,,,,,,,,,,,,,,,,,,,,,,,,,,,,,,,,,,,,,,,,,,,,,,,,,,,,,,,,,,,,,,,,,,,,,,,,,,,,,,,,,,,,,,,,,,,,,,,,,,,,,,,,,,,,,,,,,,,,,,,,,,,,,,,,,,,,,,,,,,,,,,,,,,,,,,,,,,,,,,,,,,,,,,,,,,,,,,,,,,,,,,,,,,,,,,,,,,,,,,,,,"kill_inj_same",0.0128205128205128,,,"looting",0.0128205128205128,,,,,,,,,,,,,,,,,,,,,,,,,,,,,,,,,"9.33333333333333",0.0128205128205128,,,,,,,,,,,,,,,,,,,,,,,,,,,,,,,,,,,,,,,,,,,,,,,,,,,,,,,,,,,,,,,,,,,,,,,,,,,,,,,,,,,,,,,,,,,,,,,,,,,,,,,,,,,,,,,,,,,,,,,,,,,,,,,,,,,,,,,,,,,,,,,,,,,,,,,,,,,,,"39",0.0256410256410256,"0.05",0.0384615384615385,,,,,"1230",0.0256410256410256,"0.00568181818181818",0.0256410256410256,,
"11","11",0.0128205128205128,"borno;NG008001",0.0128205128205128,"NG008003001;NG008003",0.0128205128205128,"202292f9-12d7-4e41-9e5b-2489efa76404;NG008008007;NG008008",0.0128205128205128,,,"NG008001",0.0128205128205128,"NG008003001",0.0128205128205128,"161d9729-694e-436f-8720-c91c9bbbe235",0.0128205128205128,,,,,,,,,,,,,,,,,,,,,,,,,,,,,,,,,,,,,,,,,,,,,,,,,,,,,,,,,,,,,,,,,,,,,,,,,,,,,,,,,,,,,,,,,,,,,,,,,,,,,,,,,,,,,,,,,,,,,,,,,,,,,,,,,,,,,,,,,,,,,,,,,,,,,,,,,,,,,,,,,,,,,,,,,,,,,,,,,,,,,,,,,,,,,,,,,,,,,,,,,,,,,,,,,,,,,,,,,,,,,,,,,,,,,,,,,,,,,,,,,,,,,,,,,,,,,,,,,,,,,,,,,,,,,,,,,,,,,,,,,,,,,,,,,,,,,,,,,,,,,,,,,,,,,,,,,,,,,,,,,,,,,,,,,,,,,,,,,,,,,,,,,,,,,,,,,,,,,,,,,,,,,,,,,,,,,,,,,,,,,,,,,,,,,,,,,,,,,,,,,,,,,,,,,,,,,,,,,,,,,,,,,,,,,,,"48",0.0256410256410256,"0.125",0.0384615384615385,,,,,"385",0.0128205128205128,"0.00188679245283019",0.0128205128205128,,
"12","12",0.0128205128205128,"borno;NG008002",0.0128205128205128,"NG008003002;NG008003",0.0128205128205128,"2244d03b-533b-477b-9b9d-c4894870b3d1;NG008015007;NG008015",0.0128205128205128,,,"NG008002",0.0128205128205128,"NG008003002",0.0128205128205128,"1626ad22-9f44-413c-a9e5-344ac7dec0cf",0.0128205128205128,,,,,,,,,,,,,,,,,,,,,,,,,,,,,,,,,,,,,,,,,,,,,,,,,,,,,,,,,,,,,,,,,,,,,,,,,,,,,,,,,,,,,,,,,,,,,,,,,,,,,,,,,,,,,,,,,,,,,,,,,,,,,,,,,,,,,,,,,,,,,,,,,,,,,,,,,,,,,,,,,,,,,,,,,,,,,,,,,,,,,,,,,,,,,,,,,,,,,,,,,,,,,,,,,,,,,,,,,,,,,,,,,,,,,,,,,,,,,,,,,,,,,,,,,,,,,,,,,,,,,,,,,,,,,,,,,,,,,,,,,,,,,,,,,,,,,,,,,,,,,,,,,,,,,,,,,,,,,,,,,,,,,,,,,,,,,,,,,,,,,,,,,,,,,,,,,,,,,,,,,,,,,,,,,,,,,,,,,,,,,,,,,,,,,,,,,,,,,,,,,,,,,,,,,,,,,,,,,,,,,,,,,,,,,,,"75",0.0256410256410256,"0.04",0.0256410256410256,,,,,"530",0.0128205128205128,"0.0025974025974026",0.0128205128205128,,
"13","13",0.0128205128205128,,,"NG008003003;NG008003",0.0128205128205128,"2464c6a8-1210-42d9-a7d5-d6d569dd6b6a;NG008011013;NG008011",0.0128205128205128,,,,,"NG008003003",0.0128205128205128,"202292f9-12d7-4e41-9e5b-2489efa76404",0.0128205128205128,,,,,,,,,,,,,,,,,,,,,,,,,,,,,,,,,,,,,,,,,,,,,,,,,,,,,,,,,,,,,,,,,,,,,,,,,,,,,,,,,,,,,,,,,,,,,,,,,,,,,,,,,,,,,,,,,,,,,,,,,,,,,,,,,,,,,,,,,,,,,,,,,,,,,,,,,,,,,,,,,,,,,,,,,,,,,,,,,,,,,,,,,,,,,,,,,,,,,,,,,,,,,,,,,,,,,,,,,,,,,,,,,,,,,,,,,,,,,,,,,,,,,,,,,,,,,,,,,,,,,,,,,,,,,,,,,,,,,,,,,,,,,,,,,,,,,,,,,,,,,,,,,,,,,,,,,,,,,,,,,,,,,,,,,,,,,,,,,,,,,,,,,,,,,,,,,,,,,,,,,,,,,,,,,,,,,,,,,,,,,,,,,,,,,,,,,,,,,,,,,,,,,,,,,,,,,,,,,,,,,,,,,,,,,,,"97",0.0256410256410256,"0.075",0.0256410256410256,,,,,,,,,,
"14","14",0.0128205128205128,,,"NG008003004;NG008003",0.0128205128205128,"25bd27fe-f763-4bdc-a2e8-d63d5c197f64;NG008011004;NG008011",0.0128205128205128,,,,,"NG008003004",0.0128205128205128,"2244d03b-533b-477b-9b9d-c4894870b3d1",0.0128205128205128,,,,,,,,,,,,,,,,,,,,,,,,,,,,,,,,,,,,,,,,,,,,,,,,,,,,,,,,,,,,,,,,,,,,,,,,,,,,,,,,,,,,,,,,,,,,,,,,,,,,,,,,,,,,,,,,,,,,,,,,,,,,,,,,,,,,,,,,,,,,,,,,,,,,,,,,,,,,,,,,,,,,,,,,,,,,,,,,,,,,,,,,,,,,,,,,,,,,,,,,,,,,,,,,,,,,,,,,,,,,,,,,,,,,,,,,,,,,,,,,,,,,,,,,,,,,,,,,,,,,,,,,,,,,,,,,,,,,,,,,,,,,,,,,,,,,,,,,,,,,,,,,,,,,,,,,,,,,,,,,,,,,,,,,,,,,,,,,,,,,,,,,,,,,,,,,,,,,,,,,,,,,,,,,,,,,,,,,,,,,,,,,,,,,,,,,,,,,,,,,,,,,,,,,,,,,,,,,,,,,,,,,,,,,,,,"3",0.0128205128205128,"0.095",0.0256410256410256,,,,,,,,,,
"15","15",0.0128205128205128,,,"NG008003005;NG008003",0.0128205128205128,"28ed616f-325c-4379-a191-2bac3cf63ac8;NG008003010;NG008003",0.0128205128205128,,,,,"NG008003005",0.0128205128205128,"2464c6a8-1210-42d9-a7d5-d6d569dd6b6a",0.0128205128205128,,,,,,,,,,,,,,,,,,,,,,,,,,,,,,,,,,,,,,,,,,,,,,,,,,,,,,,,,,,,,,,,,,,,,,,,,,,,,,,,,,,,,,,,,,,,,,,,,,,,,,,,,,,,,,,,,,,,,,,,,,,,,,,,,,,,,,,,,,,,,,,,,,,,,,,,,,,,,,,,,,,,,,,,,,,,,,,,,,,,,,,,,,,,,,,,,,,,,,,,,,,,,,,,,,,,,,,,,,,,,,,,,,,,,,,,,,,,,,,,,,,,,,,,,,,,,,,,,,,,,,,,,,,,,,,,,,,,,,,,,,,,,,,,,,,,,,,,,,,,,,,,,,,,,,,,,,,,,,,,,,,,,,,,,,,,,,,,,,,,,,,,,,,,,,,,,,,,,,,,,,,,,,,,,,,,,,,,,,,,,,,,,,,,,,,,,,,,,,,,,,,,,,,,,,,,,,,,,,,,,,,,,,,,,,,"12",0.0128205128205128,"0.005",0.0128205128205128,,,,,,,,,,
"16","16",0.0128205128205128,,,"NG008003006;NG008003",0.0128205128205128,"2bf31dca-d68c-4189-9ed2-e7dd6b7ee130;NG008011005;NG008011",0.0128205128205128,,,,,"NG008003006",0.0128205128205128,"25bd27fe-f763-4bdc-a2e8-d63d5c197f64",0.0128205128205128,,,,,,,,,,,,,,,,,,,,,,,,,,,,,,,,,,,,,,,,,,,,,,,,,,,,,,,,,,,,,,,,,,,,,,,,,,,,,,,,,,,,,,,,,,,,,,,,,,,,,,,,,,,,,,,,,,,,,,,,,,,,,,,,,,,,,,,,,,,,,,,,,,,,,,,,,,,,,,,,,,,,,,,,,,,,,,,,,,,,,,,,,,,,,,,,,,,,,,,,,,,,,,,,,,,,,,,,,,,,,,,,,,,,,,,,,,,,,,,,,,,,,,,,,,,,,,,,,,,,,,,,,,,,,,,,,,,,,,,,,,,,,,,,,,,,,,,,,,,,,,,,,,,,,,,,,,,,,,,,,,,,,,,,,,,,,,,,,,,,,,,,,,,,,,,,,,,,,,,,,,,,,,,,,,,,,,,,,,,,,,,,,,,,,,,,,,,,,,,,,,,,,,,,,,,,,,,,,,,,,,,,,,,,,,,"15",0.0128205128205128,"0.055",0.0128205128205128,,,,,,,,,,
"17","17",0.0128205128205128,,,"NG008003007;NG008003",0.0128205128205128,"2cbd3da4-3a0d-4831-9360-283069f33c99;NG008010002;NG008010",0.0128205128205128,,,,,"NG008003007",0.0128205128205128,"28ed616f-325c-4379-a191-2bac3cf63ac8",0.0128205128205128,,,,,,,,,,,,,,,,,,,,,,,,,,,,,,,,,,,,,,,,,,,,,,,,,,,,,,,,,,,,,,,,,,,,,,,,,,,,,,,,,,,,,,,,,,,,,,,,,,,,,,,,,,,,,,,,,,,,,,,,,,,,,,,,,,,,,,,,,,,,,,,,,,,,,,,,,,,,,,,,,,,,,,,,,,,,,,,,,,,,,,,,,,,,,,,,,,,,,,,,,,,,,,,,,,,,,,,,,,,,,,,,,,,,,,,,,,,,,,,,,,,,,,,,,,,,,,,,,,,,,,,,,,,,,,,,,,,,,,,,,,,,,,,,,,,,,,,,,,,,,,,,,,,,,,,,,,,,,,,,,,,,,,,,,,,,,,,,,,,,,,,,,,,,,,,,,,,,,,,,,,,,,,,,,,,,,,,,,,,,,,,,,,,,,,,,,,,,,,,,,,,,,,,,,,,,,,,,,,,,,,,,,,,,,,,"16",0.0128205128205128,"0.065",0.0128205128205128,,,,,,,,,,
"18","18",0.0128205128205128,,,"NG008003008;NG008003",0.0128205128205128,"2cd0a01a-e201-4f10-8633-f33f7401c640;NG008008005;NG008008",0.0128205128205128,,,,,"NG008003008",0.0128205128205128,"2bf31dca-d68c-4189-9ed2-e7dd6b7ee130",0.0128205128205128,,,,,,,,,,,,,,,,,,,,,,,,,,,,,,,,,,,,,,,,,,,,,,,,,,,,,,,,,,,,,,,,,,,,,,,,,,,,,,,,,,,,,,,,,,,,,,,,,,,,,,,,,,,,,,,,,,,,,,,,,,,,,,,,,,,,,,,,,,,,,,,,,,,,,,,,,,,,,,,,,,,,,,,,,,,,,,,,,,,,,,,,,,,,,,,,,,,,,,,,,,,,,,,,,,,,,,,,,,,,,,,,,,,,,,,,,,,,,,,,,,,,,,,,,,,,,,,,,,,,,,,,,,,,,,,,,,,,,,,,,,,,,,,,,,,,,,,,,,,,,,,,,,,,,,,,,,,,,,,,,,,,,,,,,,,,,,,,,,,,,,,,,,,,,,,,,,,,,,,,,,,,,,,,,,,,,,,,,,,,,,,,,,,,,,,,,,,,,,,,,,,,,,,,,,,,,,,,,,,,,,,,,,,,,,,"19",0.0128205128205128,"0.07",0.0128205128205128,,,,,,,,,,
"19","19",0.0128205128205128,,,"NG008003009;NG008003",0.0128205128205128,"2dbad5f0-dd0c-45ef-b303-2d7b4ae3cd37;NG008008001;NG008008",0.0128205128205128,,,,,"NG008003009",0.0128205128205128,"2cbd3da4-3a0d-4831-9360-283069f33c99",0.0128205128205128,,,,,,,,,,,,,,,,,,,,,,,,,,,,,,,,,,,,,,,,,,,,,,,,,,,,,,,,,,,,,,,,,,,,,,,,,,,,,,,,,,,,,,,,,,,,,,,,,,,,,,,,,,,,,,,,,,,,,,,,,,,,,,,,,,,,,,,,,,,,,,,,,,,,,,,,,,,,,,,,,,,,,,,,,,,,,,,,,,,,,,,,,,,,,,,,,,,,,,,,,,,,,,,,,,,,,,,,,,,,,,,,,,,,,,,,,,,,,,,,,,,,,,,,,,,,,,,,,,,,,,,,,,,,,,,,,,,,,,,,,,,,,,,,,,,,,,,,,,,,,,,,,,,,,,,,,,,,,,,,,,,,,,,,,,,,,,,,,,,,,,,,,,,,,,,,,,,,,,,,,,,,,,,,,,,,,,,,,,,,,,,,,,,,,,,,,,,,,,,,,,,,,,,,,,,,,,,,,,,,,,,,,,,,,,,"22",0.0128205128205128,"0.085",0.0128205128205128,,,,,,,,,,
"20","20",0.0128205128205128,,,"NG008003010;NG008003",0.0128205128205128,"2dca0aeb-95b6-4578-847e-5e85cde932e6;NG008010006;NG008010",0.0128205128205128,,,,,"NG008003010",0.0128205128205128,"2cd0a01a-e201-4f10-8633-f33f7401c640",0.0128205128205128,,,,,,,,,,,,,,,,,,,,,,,,,,,,,,,,,,,,,,,,,,,,,,,,,,,,,,,,,,,,,,,,,,,,,,,,,,,,,,,,,,,,,,,,,,,,,,,,,,,,,,,,,,,,,,,,,,,,,,,,,,,,,,,,,,,,,,,,,,,,,,,,,,,,,,,,,,,,,,,,,,,,,,,,,,,,,,,,,,,,,,,,,,,,,,,,,,,,,,,,,,,,,,,,,,,,,,,,,,,,,,,,,,,,,,,,,,,,,,,,,,,,,,,,,,,,,,,,,,,,,,,,,,,,,,,,,,,,,,,,,,,,,,,,,,,,,,,,,,,,,,,,,,,,,,,,,,,,,,,,,,,,,,,,,,,,,,,,,,,,,,,,,,,,,,,,,,,,,,,,,,,,,,,,,,,,,,,,,,,,,,,,,,,,,,,,,,,,,,,,,,,,,,,,,,,,,,,,,,,,,,,,,,,,,,,"25",0.0128205128205128,"0.335",0.0128205128205128,,,,,,,,,,
"21","21",0.0128205128205128,,,"NG008003012;NG008003",0.0128205128205128,"302a5f43-d05f-46fd-943f-9d2123ed3680;NG008008003;NG008008",0.0128205128205128,,,,,"NG008003012",0.0128205128205128,"2dbad5f0-dd0c-45ef-b303-2d7b4ae3cd37",0.0128205128205128,,,,,,,,,,,,,,,,,,,,,,,,,,,,,,,,,,,,,,,,,,,,,,,,,,,,,,,,,,,,,,,,,,,,,,,,,,,,,,,,,,,,,,,,,,,,,,,,,,,,,,,,,,,,,,,,,,,,,,,,,,,,,,,,,,,,,,,,,,,,,,,,,,,,,,,,,,,,,,,,,,,,,,,,,,,,,,,,,,,,,,,,,,,,,,,,,,,,,,,,,,,,,,,,,,,,,,,,,,,,,,,,,,,,,,,,,,,,,,,,,,,,,,,,,,,,,,,,,,,,,,,,,,,,,,,,,,,,,,,,,,,,,,,,,,,,,,,,,,,,,,,,,,,,,,,,,,,,,,,,,,,,,,,,,,,,,,,,,,,,,,,,,,,,,,,,,,,,,,,,,,,,,,,,,,,,,,,,,,,,,,,,,,,,,,,,,,,,,,,,,,,,,,,,,,,,,,,,,,,,,,,,,,,,,,,"27",0.0128205128205128,,,,,,,,,,,,
"22","22",0.0128205128205128,,,"NG008003013;NG008003",0.0128205128205128,"3a3e3f0e-126e-48e4-b0eb-55002fea5bd4;NG008010009;NG008010",0.0128205128205128,,,,,"NG008003013",0.0128205128205128,"2dca0aeb-95b6-4578-847e-5e85cde932e6",0.0128205128205128,,,,,,,,,,,,,,,,,,,,,,,,,,,,,,,,,,,,,,,,,,,,,,,,,,,,,,,,,,,,,,,,,,,,,,,,,,,,,,,,,,,,,,,,,,,,,,,,,,,,,,,,,,,,,,,,,,,,,,,,,,,,,,,,,,,,,,,,,,,,,,,,,,,,,,,,,,,,,,,,,,,,,,,,,,,,,,,,,,,,,,,,,,,,,,,,,,,,,,,,,,,,,,,,,,,,,,,,,,,,,,,,,,,,,,,,,,,,,,,,,,,,,,,,,,,,,,,,,,,,,,,,,,,,,,,,,,,,,,,,,,,,,,,,,,,,,,,,,,,,,,,,,,,,,,,,,,,,,,,,,,,,,,,,,,,,,,,,,,,,,,,,,,,,,,,,,,,,,,,,,,,,,,,,,,,,,,,,,,,,,,,,,,,,,,,,,,,,,,,,,,,,,,,,,,,,,,,,,,,,,,,,,,,,,,,"29",0.0128205128205128,,,,,,,,,,,,
"23","23",0.0128205128205128,,,"NG008003014;NG008003",0.0128205128205128,"3d1f3d67-bca7-4f92-a8ed-c2070ab1720a;NG008003002;NG008003",0.0128205128205128,,,,,"NG008003014",0.0128205128205128,"302a5f43-d05f-46fd-943f-9d2123ed3680",0.0128205128205128,,,,,,,,,,,,,,,,,,,,,,,,,,,,,,,,,,,,,,,,,,,,,,,,,,,,,,,,,,,,,,,,,,,,,,,,,,,,,,,,,,,,,,,,,,,,,,,,,,,,,,,,,,,,,,,,,,,,,,,,,,,,,,,,,,,,,,,,,,,,,,,,,,,,,,,,,,,,,,,,,,,,,,,,,,,,,,,,,,,,,,,,,,,,,,,,,,,,,,,,,,,,,,,,,,,,,,,,,,,,,,,,,,,,,,,,,,,,,,,,,,,,,,,,,,,,,,,,,,,,,,,,,,,,,,,,,,,,,,,,,,,,,,,,,,,,,,,,,,,,,,,,,,,,,,,,,,,,,,,,,,,,,,,,,,,,,,,,,,,,,,,,,,,,,,,,,,,,,,,,,,,,,,,,,,,,,,,,,,,,,,,,,,,,,,,,,,,,,,,,,,,,,,,,,,,,,,,,,,,,,,,,,,,,,,,"30",0.0128205128205128,,,,,,,,,,,,
"24","24",0.0128205128205128,,,"NG008003xxx;NG008003",0.0128205128205128,"42ef167e-b7dc-487d-a47b-424076d2d88d;NG008011008;NG008011",0.0128205128205128,,,,,"NG008003xxx",0.0128205128205128,"3a3e3f0e-126e-48e4-b0eb-55002fea5bd4",0.0128205128205128,,,,,,,,,,,,,,,,,,,,,,,,,,,,,,,,,,,,,,,,,,,,,,,,,,,,,,,,,,,,,,,,,,,,,,,,,,,,,,,,,,,,,,,,,,,,,,,,,,,,,,,,,,,,,,,,,,,,,,,,,,,,,,,,,,,,,,,,,,,,,,,,,,,,,,,,,,,,,,,,,,,,,,,,,,,,,,,,,,,,,,,,,,,,,,,,,,,,,,,,,,,,,,,,,,,,,,,,,,,,,,,,,,,,,,,,,,,,,,,,,,,,,,,,,,,,,,,,,,,,,,,,,,,,,,,,,,,,,,,,,,,,,,,,,,,,,,,,,,,,,,,,,,,,,,,,,,,,,,,,,,,,,,,,,,,,,,,,,,,,,,,,,,,,,,,,,,,,,,,,,,,,,,,,,,,,,,,,,,,,,,,,,,,,,,,,,,,,,,,,,,,,,,,,,,,,,,,,,,,,,,,,,,,,,,,"33",0.0128205128205128,,,,,,,,,,,,
"25","25",0.0128205128205128,,,"NG008008001;NG008008",0.0128205128205128,"479bf2c4-a20b-4f4a-8ff3-15d4c92924d4;NG008003013;NG008003",0.0128205128205128,,,,,"NG008008001",0.0128205128205128,"3d1f3d67-bca7-4f92-a8ed-c2070ab1720a",0.0128205128205128,,,,,,,,,,,,,,,,,,,,,,,,,,,,,,,,,,,,,,,,,,,,,,,,,,,,,,,,,,,,,,,,,,,,,,,,,,,,,,,,,,,,,,,,,,,,,,,,,,,,,,,,,,,,,,,,,,,,,,,,,,,,,,,,,,,,,,,,,,,,,,,,,,,,,,,,,,,,,,,,,,,,,,,,,,,,,,,,,,,,,,,,,,,,,,,,,,,,,,,,,,,,,,,,,,,,,,,,,,,,,,,,,,,,,,,,,,,,,,,,,,,,,,,,,,,,,,,,,,,,,,,,,,,,,,,,,,,,,,,,,,,,,,,,,,,,,,,,,,,,,,,,,,,,,,,,,,,,,,,,,,,,,,,,,,,,,,,,,,,,,,,,,,,,,,,,,,,,,,,,,,,,,,,,,,,,,,,,,,,,,,,,,,,,,,,,,,,,,,,,,,,,,,,,,,,,,,,,,,,,,,,,,,,,,,,"35",0.0128205128205128,,,,,,,,,,,,
"26","26",0.0128205128205128,,,"NG008008002;NG008008",0.0128205128205128,"4a73640b-58a0-41af-90b5-85c22be7b225;NG008015008;NG008015",0.0128205128205128,,,,,"NG008008002",0.0128205128205128,"42ef167e-b7dc-487d-a47b-424076d2d88d",0.0128205128205128,,,,,,,,,,,,,,,,,,,,,,,,,,,,,,,,,,,,,,,,,,,,,,,,,,,,,,,,,,,,,,,,,,,,,,,,,,,,,,,,,,,,,,,,,,,,,,,,,,,,,,,,,,,,,,,,,,,,,,,,,,,,,,,,,,,,,,,,,,,,,,,,,,,,,,,,,,,,,,,,,,,,,,,,,,,,,,,,,,,,,,,,,,,,,,,,,,,,,,,,,,,,,,,,,,,,,,,,,,,,,,,,,,,,,,,,,,,,,,,,,,,,,,,,,,,,,,,,,,,,,,,,,,,,,,,,,,,,,,,,,,,,,,,,,,,,,,,,,,,,,,,,,,,,,,,,,,,,,,,,,,,,,,,,,,,,,,,,,,,,,,,,,,,,,,,,,,,,,,,,,,,,,,,,,,,,,,,,,,,,,,,,,,,,,,,,,,,,,,,,,,,,,,,,,,,,,,,,,,,,,,,,,,,,,,,"36",0.0128205128205128,,,,,,,,,,,,
"27","27",0.0128205128205128,,,"NG008008003;NG008008",0.0128205128205128,"4bc6a7fa-b71f-4276-9364-69b34363d5c0;NG008008004;NG008008",0.0128205128205128,,,,,"NG008008003",0.0128205128205128,"479bf2c4-a20b-4f4a-8ff3-15d4c92924d4",0.0128205128205128,,,,,,,,,,,,,,,,,,,,,,,,,,,,,,,,,,,,,,,,,,,,,,,,,,,,,,,,,,,,,,,,,,,,,,,,,,,,,,,,,,,,,,,,,,,,,,,,,,,,,,,,,,,,,,,,,,,,,,,,,,,,,,,,,,,,,,,,,,,,,,,,,,,,,,,,,,,,,,,,,,,,,,,,,,,,,,,,,,,,,,,,,,,,,,,,,,,,,,,,,,,,,,,,,,,,,,,,,,,,,,,,,,,,,,,,,,,,,,,,,,,,,,,,,,,,,,,,,,,,,,,,,,,,,,,,,,,,,,,,,,,,,,,,,,,,,,,,,,,,,,,,,,,,,,,,,,,,,,,,,,,,,,,,,,,,,,,,,,,,,,,,,,,,,,,,,,,,,,,,,,,,,,,,,,,,,,,,,,,,,,,,,,,,,,,,,,,,,,,,,,,,,,,,,,,,,,,,,,,,,,,,,,,,,,,"37",0.0128205128205128,,,,,,,,,,,,
"28","28",0.0128205128205128,,,"NG008008004;NG008008",0.0128205128205128,"5b5659b7-8ae1-454e-ad13-3834ac51c4a7;NG008025011;NG008025",0.0128205128205128,,,,,"NG008008004",0.0128205128205128,"4a73640b-58a0-41af-90b5-85c22be7b225",0.0128205128205128,,,,,,,,,,,,,,,,,,,,,,,,,,,,,,,,,,,,,,,,,,,,,,,,,,,,,,,,,,,,,,,,,,,,,,,,,,,,,,,,,,,,,,,,,,,,,,,,,,,,,,,,,,,,,,,,,,,,,,,,,,,,,,,,,,,,,,,,,,,,,,,,,,,,,,,,,,,,,,,,,,,,,,,,,,,,,,,,,,,,,,,,,,,,,,,,,,,,,,,,,,,,,,,,,,,,,,,,,,,,,,,,,,,,,,,,,,,,,,,,,,,,,,,,,,,,,,,,,,,,,,,,,,,,,,,,,,,,,,,,,,,,,,,,,,,,,,,,,,,,,,,,,,,,,,,,,,,,,,,,,,,,,,,,,,,,,,,,,,,,,,,,,,,,,,,,,,,,,,,,,,,,,,,,,,,,,,,,,,,,,,,,,,,,,,,,,,,,,,,,,,,,,,,,,,,,,,,,,,,,,,,,,,,,,,,"38",0.0128205128205128,,,,,,,,,,,,
"29","29",0.0128205128205128,,,"NG008008005;NG008008",0.0128205128205128,"5dc47bba-c9de-4b7c-bf20-55375e482f45;NG008003008;NG008003",0.0128205128205128,,,,,"NG008008005",0.0128205128205128,"4bc6a7fa-b71f-4276-9364-69b34363d5c0",0.0128205128205128,,,,,,,,,,,,,,,,,,,,,,,,,,,,,,,,,,,,,,,,,,,,,,,,,,,,,,,,,,,,,,,,,,,,,,,,,,,,,,,,,,,,,,,,,,,,,,,,,,,,,,,,,,,,,,,,,,,,,,,,,,,,,,,,,,,,,,,,,,,,,,,,,,,,,,,,,,,,,,,,,,,,,,,,,,,,,,,,,,,,,,,,,,,,,,,,,,,,,,,,,,,,,,,,,,,,,,,,,,,,,,,,,,,,,,,,,,,,,,,,,,,,,,,,,,,,,,,,,,,,,,,,,,,,,,,,,,,,,,,,,,,,,,,,,,,,,,,,,,,,,,,,,,,,,,,,,,,,,,,,,,,,,,,,,,,,,,,,,,,,,,,,,,,,,,,,,,,,,,,,,,,,,,,,,,,,,,,,,,,,,,,,,,,,,,,,,,,,,,,,,,,,,,,,,,,,,,,,,,,,,,,,,,,,,,,"41",0.0128205128205128,,,,,,,,,,,,
"30","30",0.0128205128205128,,,"NG008008006;NG008008",0.0128205128205128,"609fa8f2-a572-4c73-ba01-ca9bb4379e8c;NG008019012;NG008019",0.0128205128205128,,,,,"NG008008006",0.0128205128205128,"5b5659b7-8ae1-454e-ad13-3834ac51c4a7",0.0128205128205128,,,,,,,,,,,,,,,,,,,,,,,,,,,,,,,,,,,,,,,,,,,,,,,,,,,,,,,,,,,,,,,,,,,,,,,,,,,,,,,,,,,,,,,,,,,,,,,,,,,,,,,,,,,,,,,,,,,,,,,,,,,,,,,,,,,,,,,,,,,,,,,,,,,,,,,,,,,,,,,,,,,,,,,,,,,,,,,,,,,,,,,,,,,,,,,,,,,,,,,,,,,,,,,,,,,,,,,,,,,,,,,,,,,,,,,,,,,,,,,,,,,,,,,,,,,,,,,,,,,,,,,,,,,,,,,,,,,,,,,,,,,,,,,,,,,,,,,,,,,,,,,,,,,,,,,,,,,,,,,,,,,,,,,,,,,,,,,,,,,,,,,,,,,,,,,,,,,,,,,,,,,,,,,,,,,,,,,,,,,,,,,,,,,,,,,,,,,,,,,,,,,,,,,,,,,,,,,,,,,,,,,,,,,,,,,"45",0.0128205128205128,,,,,,,,,,,,
"31","31",0.0128205128205128,,,"NG008008007;NG008008",0.0128205128205128,"6b25d795-7afd-478f-8dca-bc445b16c665;NG008025010;NG008025",0.0128205128205128,,,,,"NG008008007",0.0128205128205128,"5dc47bba-c9de-4b7c-bf20-55375e482f45",0.0128205128205128,,,,,,,,,,,,,,,,,,,,,,,,,,,,,,,,,,,,,,,,,,,,,,,,,,,,,,,,,,,,,,,,,,,,,,,,,,,,,,,,,,,,,,,,,,,,,,,,,,,,,,,,,,,,,,,,,,,,,,,,,,,,,,,,,,,,,,,,,,,,,,,,,,,,,,,,,,,,,,,,,,,,,,,,,,,,,,,,,,,,,,,,,,,,,,,,,,,,,,,,,,,,,,,,,,,,,,,,,,,,,,,,,,,,,,,,,,,,,,,,,,,,,,,,,,,,,,,,,,,,,,,,,,,,,,,,,,,,,,,,,,,,,,,,,,,,,,,,,,,,,,,,,,,,,,,,,,,,,,,,,,,,,,,,,,,,,,,,,,,,,,,,,,,,,,,,,,,,,,,,,,,,,,,,,,,,,,,,,,,,,,,,,,,,,,,,,,,,,,,,,,,,,,,,,,,,,,,,,,,,,,,,,,,,,,,"54",0.0128205128205128,,,,,,,,,,,,
"32","32",0.0128205128205128,,,"NG008008008;NG008008",0.0128205128205128,"7fdb53fa-987f-482d-90ca-279bb6adbc15;NG008017002;NG008017",0.0128205128205128,,,,,"NG008008008",0.0128205128205128,"609fa8f2-a572-4c73-ba01-ca9bb4379e8c",0.0128205128205128,,,,,,,,,,,,,,,,,,,,,,,,,,,,,,,,,,,,,,,,,,,,,,,,,,,,,,,,,,,,,,,,,,,,,,,,,,,,,,,,,,,,,,,,,,,,,,,,,,,,,,,,,,,,,,,,,,,,,,,,,,,,,,,,,,,,,,,,,,,,,,,,,,,,,,,,,,,,,,,,,,,,,,,,,,,,,,,,,,,,,,,,,,,,,,,,,,,,,,,,,,,,,,,,,,,,,,,,,,,,,,,,,,,,,,,,,,,,,,,,,,,,,,,,,,,,,,,,,,,,,,,,,,,,,,,,,,,,,,,,,,,,,,,,,,,,,,,,,,,,,,,,,,,,,,,,,,,,,,,,,,,,,,,,,,,,,,,,,,,,,,,,,,,,,,,,,,,,,,,,,,,,,,,,,,,,,,,,,,,,,,,,,,,,,,,,,,,,,,,,,,,,,,,,,,,,,,,,,,,,,,,,,,,,,,,"55",0.0128205128205128,,,,,,,,,,,,
"33","33",0.0128205128205128,,,"NG008008009;NG008008",0.0128205128205128,"845d9bcb-621a-4c18-b23a-4c2de8bb9bbf;NG008011009;NG008011",0.0128205128205128,,,,,"NG008008009",0.0128205128205128,"6b25d795-7afd-478f-8dca-bc445b16c665",0.0128205128205128,,,,,,,,,,,,,,,,,,,,,,,,,,,,,,,,,,,,,,,,,,,,,,,,,,,,,,,,,,,,,,,,,,,,,,,,,,,,,,,,,,,,,,,,,,,,,,,,,,,,,,,,,,,,,,,,,,,,,,,,,,,,,,,,,,,,,,,,,,,,,,,,,,,,,,,,,,,,,,,,,,,,,,,,,,,,,,,,,,,,,,,,,,,,,,,,,,,,,,,,,,,,,,,,,,,,,,,,,,,,,,,,,,,,,,,,,,,,,,,,,,,,,,,,,,,,,,,,,,,,,,,,,,,,,,,,,,,,,,,,,,,,,,,,,,,,,,,,,,,,,,,,,,,,,,,,,,,,,,,,,,,,,,,,,,,,,,,,,,,,,,,,,,,,,,,,,,,,,,,,,,,,,,,,,,,,,,,,,,,,,,,,,,,,,,,,,,,,,,,,,,,,,,,,,,,,,,,,,,,,,,,,,,,,,,,"58",0.0128205128205128,,,,,,,,,,,,
"34","34",0.0128205128205128,,,"NG008008010;NG008008",0.0128205128205128,"876f9886-ec8e-4cb2-8082-a97a8de4b1dc;NG008017005;NG008017",0.0128205128205128,,,,,"NG008008010",0.0128205128205128,"7fdb53fa-987f-482d-90ca-279bb6adbc15",0.0128205128205128,,,,,,,,,,,,,,,,,,,,,,,,,,,,,,,,,,,,,,,,,,,,,,,,,,,,,,,,,,,,,,,,,,,,,,,,,,,,,,,,,,,,,,,,,,,,,,,,,,,,,,,,,,,,,,,,,,,,,,,,,,,,,,,,,,,,,,,,,,,,,,,,,,,,,,,,,,,,,,,,,,,,,,,,,,,,,,,,,,,,,,,,,,,,,,,,,,,,,,,,,,,,,,,,,,,,,,,,,,,,,,,,,,,,,,,,,,,,,,,,,,,,,,,,,,,,,,,,,,,,,,,,,,,,,,,,,,,,,,,,,,,,,,,,,,,,,,,,,,,,,,,,,,,,,,,,,,,,,,,,,,,,,,,,,,,,,,,,,,,,,,,,,,,,,,,,,,,,,,,,,,,,,,,,,,,,,,,,,,,,,,,,,,,,,,,,,,,,,,,,,,,,,,,,,,,,,,,,,,,,,,,,,,,,,,,"60",0.0128205128205128,,,,,,,,,,,,
"35","35",0.0128205128205128,,,"NG008010002;NG008010",0.0128205128205128,"acde3423-bdb8-41fb-a78f-c604eec5def1;NG008003005;NG008003",0.0128205128205128,,,,,"NG008010002",0.0128205128205128,"845d9bcb-621a-4c18-b23a-4c2de8bb9bbf",0.0128205128205128,,,,,,,,,,,,,,,,,,,,,,,,,,,,,,,,,,,,,,,,,,,,,,,,,,,,,,,,,,,,,,,,,,,,,,,,,,,,,,,,,,,,,,,,,,,,,,,,,,,,,,,,,,,,,,,,,,,,,,,,,,,,,,,,,,,,,,,,,,,,,,,,,,,,,,,,,,,,,,,,,,,,,,,,,,,,,,,,,,,,,,,,,,,,,,,,,,,,,,,,,,,,,,,,,,,,,,,,,,,,,,,,,,,,,,,,,,,,,,,,,,,,,,,,,,,,,,,,,,,,,,,,,,,,,,,,,,,,,,,,,,,,,,,,,,,,,,,,,,,,,,,,,,,,,,,,,,,,,,,,,,,,,,,,,,,,,,,,,,,,,,,,,,,,,,,,,,,,,,,,,,,,,,,,,,,,,,,,,,,,,,,,,,,,,,,,,,,,,,,,,,,,,,,,,,,,,,,,,,,,,,,,,,,,,,,"62",0.0128205128205128,,,,,,,,,,,,
"36","36",0.0128205128205128,,,"NG008010003;NG008010",0.0128205128205128,"afuye;afuye;NG008008",0.0128205128205128,,,,,"NG008010003",0.0128205128205128,"876f9886-ec8e-4cb2-8082-a97a8de4b1dc",0.0128205128205128,,,,,,,,,,,,,,,,,,,,,,,,,,,,,,,,,,,,,,,,,,,,,,,,,,,,,,,,,,,,,,,,,,,,,,,,,,,,,,,,,,,,,,,,,,,,,,,,,,,,,,,,,,,,,,,,,,,,,,,,,,,,,,,,,,,,,,,,,,,,,,,,,,,,,,,,,,,,,,,,,,,,,,,,,,,,,,,,,,,,,,,,,,,,,,,,,,,,,,,,,,,,,,,,,,,,,,,,,,,,,,,,,,,,,,,,,,,,,,,,,,,,,,,,,,,,,,,,,,,,,,,,,,,,,,,,,,,,,,,,,,,,,,,,,,,,,,,,,,,,,,,,,,,,,,,,,,,,,,,,,,,,,,,,,,,,,,,,,,,,,,,,,,,,,,,,,,,,,,,,,,,,,,,,,,,,,,,,,,,,,,,,,,,,,,,,,,,,,,,,,,,,,,,,,,,,,,,,,,,,,,,,,,,,,,,"63",0.0128205128205128,,,,,,,,,,,,
"37","37",0.0128205128205128,,,"NG008010005;NG008010",0.0128205128205128,"ajeri;ngudoram;NG008008",0.0128205128205128,,,,,"NG008010005",0.0128205128205128,"acde3423-bdb8-41fb-a78f-c604eec5def1",0.0128205128205128,,,,,,,,,,,,,,,,,,,,,,,,,,,,,,,,,,,,,,,,,,,,,,,,,,,,,,,,,,,,,,,,,,,,,,,,,,,,,,,,,,,,,,,,,,,,,,,,,,,,,,,,,,,,,,,,,,,,,,,,,,,,,,,,,,,,,,,,,,,,,,,,,,,,,,,,,,,,,,,,,,,,,,,,,,,,,,,,,,,,,,,,,,,,,,,,,,,,,,,,,,,,,,,,,,,,,,,,,,,,,,,,,,,,,,,,,,,,,,,,,,,,,,,,,,,,,,,,,,,,,,,,,,,,,,,,,,,,,,,,,,,,,,,,,,,,,,,,,,,,,,,,,,,,,,,,,,,,,,,,,,,,,,,,,,,,,,,,,,,,,,,,,,,,,,,,,,,,,,,,,,,,,,,,,,,,,,,,,,,,,,,,,,,,,,,,,,,,,,,,,,,,,,,,,,,,,,,,,,,,,,,,,,,,,,,"64",0.0128205128205128,,,,,,,,,,,,
"38","38",0.0128205128205128,,,"NG008010006;NG008010",0.0128205128205128,"b0372af8-5538-436f-a73e-f07f7cb2c001;NG008025005;NG008025",0.0128205128205128,,,,,"NG008010006",0.0128205128205128,"afuye",0.0128205128205128,,,,,,,,,,,,,,,,,,,,,,,,,,,,,,,,,,,,,,,,,,,,,,,,,,,,,,,,,,,,,,,,,,,,,,,,,,,,,,,,,,,,,,,,,,,,,,,,,,,,,,,,,,,,,,,,,,,,,,,,,,,,,,,,,,,,,,,,,,,,,,,,,,,,,,,,,,,,,,,,,,,,,,,,,,,,,,,,,,,,,,,,,,,,,,,,,,,,,,,,,,,,,,,,,,,,,,,,,,,,,,,,,,,,,,,,,,,,,,,,,,,,,,,,,,,,,,,,,,,,,,,,,,,,,,,,,,,,,,,,,,,,,,,,,,,,,,,,,,,,,,,,,,,,,,,,,,,,,,,,,,,,,,,,,,,,,,,,,,,,,,,,,,,,,,,,,,,,,,,,,,,,,,,,,,,,,,,,,,,,,,,,,,,,,,,,,,,,,,,,,,,,,,,,,,,,,,,,,,,,,,,,,,,,,,,"66",0.0128205128205128,,,,,,,,,,,,
"39","39",0.0128205128205128,,,"NG008010009;NG008010",0.0128205128205128,"b62b13e5-c674-426b-9ec6-6772866683f1;NG008022006;NG008022",0.0128205128205128,,,,,"NG008010009",0.0128205128205128,"ajeri",0.0128205128205128,,,,,,,,,,,,,,,,,,,,,,,,,,,,,,,,,,,,,,,,,,,,,,,,,,,,,,,,,,,,,,,,,,,,,,,,,,,,,,,,,,,,,,,,,,,,,,,,,,,,,,,,,,,,,,,,,,,,,,,,,,,,,,,,,,,,,,,,,,,,,,,,,,,,,,,,,,,,,,,,,,,,,,,,,,,,,,,,,,,,,,,,,,,,,,,,,,,,,,,,,,,,,,,,,,,,,,,,,,,,,,,,,,,,,,,,,,,,,,,,,,,,,,,,,,,,,,,,,,,,,,,,,,,,,,,,,,,,,,,,,,,,,,,,,,,,,,,,,,,,,,,,,,,,,,,,,,,,,,,,,,,,,,,,,,,,,,,,,,,,,,,,,,,,,,,,,,,,,,,,,,,,,,,,,,,,,,,,,,,,,,,,,,,,,,,,,,,,,,,,,,,,,,,,,,,,,,,,,,,,,,,,,,,,,,,"67",0.0128205128205128,,,,,,,,,,,,
"40","40",0.0128205128205128,,,"NG008010010;NG008010",0.0128205128205128,"bf22b308-6b12-45fd-8f79-1180f35a3c86;NG008011001;NG008011",0.0128205128205128,,,,,"NG008010010",0.0128205128205128,"b0372af8-5538-436f-a73e-f07f7cb2c001",0.0128205128205128,,,,,,,,,,,,,,,,,,,,,,,,,,,,,,,,,,,,,,,,,,,,,,,,,,,,,,,,,,,,,,,,,,,,,,,,,,,,,,,,,,,,,,,,,,,,,,,,,,,,,,,,,,,,,,,,,,,,,,,,,,,,,,,,,,,,,,,,,,,,,,,,,,,,,,,,,,,,,,,,,,,,,,,,,,,,,,,,,,,,,,,,,,,,,,,,,,,,,,,,,,,,,,,,,,,,,,,,,,,,,,,,,,,,,,,,,,,,,,,,,,,,,,,,,,,,,,,,,,,,,,,,,,,,,,,,,,,,,,,,,,,,,,,,,,,,,,,,,,,,,,,,,,,,,,,,,,,,,,,,,,,,,,,,,,,,,,,,,,,,,,,,,,,,,,,,,,,,,,,,,,,,,,,,,,,,,,,,,,,,,,,,,,,,,,,,,,,,,,,,,,,,,,,,,,,,,,,,,,,,,,,,,,,,,,,"71",0.0128205128205128,,,,,,,,,,,,
"41","41",0.0128205128205128,,,"NG008011001;NG008011",0.0128205128205128,"bf420b5e-83d8-444e-9839-aa2511183a43;NG008016007;NG008016",0.0128205128205128,,,,,"NG008011001",0.0128205128205128,"b62b13e5-c674-426b-9ec6-6772866683f1",0.0128205128205128,,,,,,,,,,,,,,,,,,,,,,,,,,,,,,,,,,,,,,,,,,,,,,,,,,,,,,,,,,,,,,,,,,,,,,,,,,,,,,,,,,,,,,,,,,,,,,,,,,,,,,,,,,,,,,,,,,,,,,,,,,,,,,,,,,,,,,,,,,,,,,,,,,,,,,,,,,,,,,,,,,,,,,,,,,,,,,,,,,,,,,,,,,,,,,,,,,,,,,,,,,,,,,,,,,,,,,,,,,,,,,,,,,,,,,,,,,,,,,,,,,,,,,,,,,,,,,,,,,,,,,,,,,,,,,,,,,,,,,,,,,,,,,,,,,,,,,,,,,,,,,,,,,,,,,,,,,,,,,,,,,,,,,,,,,,,,,,,,,,,,,,,,,,,,,,,,,,,,,,,,,,,,,,,,,,,,,,,,,,,,,,,,,,,,,,,,,,,,,,,,,,,,,,,,,,,,,,,,,,,,,,,,,,,,,,"73",0.0128205128205128,,,,,,,,,,,,
"42","42",0.0128205128205128,,,"NG008011002;NG008011",0.0128205128205128,"bfc097db-266c-42af-8b9e-9aeac72b7eec;NG008008006;NG008008",0.0128205128205128,,,,,"NG008011002",0.0128205128205128,"bf22b308-6b12-45fd-8f79-1180f35a3c86",0.0128205128205128,,,,,,,,,,,,,,,,,,,,,,,,,,,,,,,,,,,,,,,,,,,,,,,,,,,,,,,,,,,,,,,,,,,,,,,,,,,,,,,,,,,,,,,,,,,,,,,,,,,,,,,,,,,,,,,,,,,,,,,,,,,,,,,,,,,,,,,,,,,,,,,,,,,,,,,,,,,,,,,,,,,,,,,,,,,,,,,,,,,,,,,,,,,,,,,,,,,,,,,,,,,,,,,,,,,,,,,,,,,,,,,,,,,,,,,,,,,,,,,,,,,,,,,,,,,,,,,,,,,,,,,,,,,,,,,,,,,,,,,,,,,,,,,,,,,,,,,,,,,,,,,,,,,,,,,,,,,,,,,,,,,,,,,,,,,,,,,,,,,,,,,,,,,,,,,,,,,,,,,,,,,,,,,,,,,,,,,,,,,,,,,,,,,,,,,,,,,,,,,,,,,,,,,,,,,,,,,,,,,,,,,,,,,,,,,"77",0.0128205128205128,,,,,,,,,,,,
"43","43",0.0128205128205128,,,"NG008011003;NG008011",0.0128205128205128,"bulunguwa_fadabs;ufaye;NG008008",0.0128205128205128,,,,,"NG008011003",0.0128205128205128,"bf420b5e-83d8-444e-9839-aa2511183a43",0.0128205128205128,,,,,,,,,,,,,,,,,,,,,,,,,,,,,,,,,,,,,,,,,,,,,,,,,,,,,,,,,,,,,,,,,,,,,,,,,,,,,,,,,,,,,,,,,,,,,,,,,,,,,,,,,,,,,,,,,,,,,,,,,,,,,,,,,,,,,,,,,,,,,,,,,,,,,,,,,,,,,,,,,,,,,,,,,,,,,,,,,,,,,,,,,,,,,,,,,,,,,,,,,,,,,,,,,,,,,,,,,,,,,,,,,,,,,,,,,,,,,,,,,,,,,,,,,,,,,,,,,,,,,,,,,,,,,,,,,,,,,,,,,,,,,,,,,,,,,,,,,,,,,,,,,,,,,,,,,,,,,,,,,,,,,,,,,,,,,,,,,,,,,,,,,,,,,,,,,,,,,,,,,,,,,,,,,,,,,,,,,,,,,,,,,,,,,,,,,,,,,,,,,,,,,,,,,,,,,,,,,,,,,,,,,,,,,,,"96",0.0128205128205128,,,,,,,,,,,,
"44","44",0.0128205128205128,,,"NG008011004;NG008011",0.0128205128205128,"c88550ee-2678-48aa-9ed4-05e9c22d7ae1;NG008008002;NG008008",0.0128205128205128,,,,,"NG008011004",0.0128205128205128,"bfc097db-266c-42af-8b9e-9aeac72b7eec",0.0128205128205128,,,,,,,,,,,,,,,,,,,,,,,,,,,,,,,,,,,,,,,,,,,,,,,,,,,,,,,,,,,,,,,,,,,,,,,,,,,,,,,,,,,,,,,,,,,,,,,,,,,,,,,,,,,,,,,,,,,,,,,,,,,,,,,,,,,,,,,,,,,,,,,,,,,,,,,,,,,,,,,,,,,,,,,,,,,,,,,,,,,,,,,,,,,,,,,,,,,,,,,,,,,,,,,,,,,,,,,,,,,,,,,,,,,,,,,,,,,,,,,,,,,,,,,,,,,,,,,,,,,,,,,,,,,,,,,,,,,,,,,,,,,,,,,,,,,,,,,,,,,,,,,,,,,,,,,,,,,,,,,,,,,,,,,,,,,,,,,,,,,,,,,,,,,,,,,,,,,,,,,,,,,,,,,,,,,,,,,,,,,,,,,,,,,,,,,,,,,,,,,,,,,,,,,,,,,,,,,,,,,,,,,,,,,,,,,"98",0.0128205128205128,,,,,,,,,,,,
"45","45",0.0128205128205128,,,"NG008011005;NG008011",0.0128205128205128,"cc868d83-db3b-4a02-a602-675aa523350e;NG008003012;NG008003",0.0128205128205128,,,,,"NG008011005",0.0128205128205128,"bulunguwa_fadabs",0.0128205128205128,,,,,,,,,,,,,,,,,,,,,,,,,,,,,,,,,,,,,,,,,,,,,,,,,,,,,,,,,,,,,,,,,,,,,,,,,,,,,,,,,,,,,,,,,,,,,,,,,,,,,,,,,,,,,,,,,,,,,,,,,,,,,,,,,,,,,,,,,,,,,,,,,,,,,,,,,,,,,,,,,,,,,,,,,,,,,,,,,,,,,,,,,,,,,,,,,,,,,,,,,,,,,,,,,,,,,,,,,,,,,,,,,,,,,,,,,,,,,,,,,,,,,,,,,,,,,,,,,,,,,,,,,,,,,,,,,,,,,,,,,,,,,,,,,,,,,,,,,,,,,,,,,,,,,,,,,,,,,,,,,,,,,,,,,,,,,,,,,,,,,,,,,,,,,,,,,,,,,,,,,,,,,,,,,,,,,,,,,,,,,,,,,,,,,,,,,,,,,,,,,,,,,,,,,,,,,,,,,,,,,,,,,,,,,,,"101",0.0128205128205128,,,,,,,,,,,,
"46","46",0.0128205128205128,,,"NG008011008;NG008011",0.0128205128205128,"cd931e92-f2d6-4e52-a96b-5c46df64ee08;NG008003014;NG008003",0.0128205128205128,,,,,"NG008011008",0.0128205128205128,"c88550ee-2678-48aa-9ed4-05e9c22d7ae1",0.0128205128205128,,,,,,,,,,,,,,,,,,,,,,,,,,,,,,,,,,,,,,,,,,,,,,,,,,,,,,,,,,,,,,,,,,,,,,,,,,,,,,,,,,,,,,,,,,,,,,,,,,,,,,,,,,,,,,,,,,,,,,,,,,,,,,,,,,,,,,,,,,,,,,,,,,,,,,,,,,,,,,,,,,,,,,,,,,,,,,,,,,,,,,,,,,,,,,,,,,,,,,,,,,,,,,,,,,,,,,,,,,,,,,,,,,,,,,,,,,,,,,,,,,,,,,,,,,,,,,,,,,,,,,,,,,,,,,,,,,,,,,,,,,,,,,,,,,,,,,,,,,,,,,,,,,,,,,,,,,,,,,,,,,,,,,,,,,,,,,,,,,,,,,,,,,,,,,,,,,,,,,,,,,,,,,,,,,,,,,,,,,,,,,,,,,,,,,,,,,,,,,,,,,,,,,,,,,,,,,,,,,,,,,,,,,,,,,,"104",0.0128205128205128,,,,,,,,,,,,
"47","47",0.0128205128205128,,,"NG008011009;NG008011",0.0128205128205128,"d2ed080d-3115-492a-a9b1-4c88ff90a5f3;NG008022010;NG008022",0.0128205128205128,,,,,"NG008011009",0.0128205128205128,"cc868d83-db3b-4a02-a602-675aa523350e",0.0128205128205128,,,,,,,,,,,,,,,,,,,,,,,,,,,,,,,,,,,,,,,,,,,,,,,,,,,,,,,,,,,,,,,,,,,,,,,,,,,,,,,,,,,,,,,,,,,,,,,,,,,,,,,,,,,,,,,,,,,,,,,,,,,,,,,,,,,,,,,,,,,,,,,,,,,,,,,,,,,,,,,,,,,,,,,,,,,,,,,,,,,,,,,,,,,,,,,,,,,,,,,,,,,,,,,,,,,,,,,,,,,,,,,,,,,,,,,,,,,,,,,,,,,,,,,,,,,,,,,,,,,,,,,,,,,,,,,,,,,,,,,,,,,,,,,,,,,,,,,,,,,,,,,,,,,,,,,,,,,,,,,,,,,,,,,,,,,,,,,,,,,,,,,,,,,,,,,,,,,,,,,,,,,,,,,,,,,,,,,,,,,,,,,,,,,,,,,,,,,,,,,,,,,,,,,,,,,,,,,,,,,,,,,,,,,,,,,"112",0.0128205128205128,,,,,,,,,,,,
"48","48",0.0128205128205128,,,"NG008011010;NG008011",0.0128205128205128,"d7fb3dbb-f3f4-4092-b2a6-a7bdefdc8056;NG008022001;NG008022",0.0128205128205128,,,,,"NG008011010",0.0128205128205128,"cd931e92-f2d6-4e52-a96b-5c46df64ee08",0.0128205128205128,,,,,,,,,,,,,,,,,,,,,,,,,,,,,,,,,,,,,,,,,,,,,,,,,,,,,,,,,,,,,,,,,,,,,,,,,,,,,,,,,,,,,,,,,,,,,,,,,,,,,,,,,,,,,,,,,,,,,,,,,,,,,,,,,,,,,,,,,,,,,,,,,,,,,,,,,,,,,,,,,,,,,,,,,,,,,,,,,,,,,,,,,,,,,,,,,,,,,,,,,,,,,,,,,,,,,,,,,,,,,,,,,,,,,,,,,,,,,,,,,,,,,,,,,,,,,,,,,,,,,,,,,,,,,,,,,,,,,,,,,,,,,,,,,,,,,,,,,,,,,,,,,,,,,,,,,,,,,,,,,,,,,,,,,,,,,,,,,,,,,,,,,,,,,,,,,,,,,,,,,,,,,,,,,,,,,,,,,,,,,,,,,,,,,,,,,,,,,,,,,,,,,,,,,,,,,,,,,,,,,,,,,,,,,,,"125",0.0128205128205128,,,,,,,,,,,,
"49","49",0.0128205128205128,,,"NG008011011;NG008011",0.0128205128205128,"d9a3dee0-3581-4921-9c5a-abcfd2955717;NG008011012;NG008011",0.0128205128205128,,,,,"NG008011011",0.0128205128205128,"d2ed080d-3115-492a-a9b1-4c88ff90a5f3",0.0128205128205128,,,,,,,,,,,,,,,,,,,,,,,,,,,,,,,,,,,,,,,,,,,,,,,,,,,,,,,,,,,,,,,,,,,,,,,,,,,,,,,,,,,,,,,,,,,,,,,,,,,,,,,,,,,,,,,,,,,,,,,,,,,,,,,,,,,,,,,,,,,,,,,,,,,,,,,,,,,,,,,,,,,,,,,,,,,,,,,,,,,,,,,,,,,,,,,,,,,,,,,,,,,,,,,,,,,,,,,,,,,,,,,,,,,,,,,,,,,,,,,,,,,,,,,,,,,,,,,,,,,,,,,,,,,,,,,,,,,,,,,,,,,,,,,,,,,,,,,,,,,,,,,,,,,,,,,,,,,,,,,,,,,,,,,,,,,,,,,,,,,,,,,,,,,,,,,,,,,,,,,,,,,,,,,,,,,,,,,,,,,,,,,,,,,,,,,,,,,,,,,,,,,,,,,,,,,,,,,,,,,,,,,,,,,,,,,"143",0.0128205128205128,,,,,,,,,,,,
"50","50",0.0128205128205128,,,"NG008011012;NG008011",0.0128205128205128,"dcca909c-ce3c-4916-bcbc-18affa4ed185;NG008015010;NG008015",0.0128205128205128,,,,,"NG008011012",0.0128205128205128,"d7fb3dbb-f3f4-4092-b2a6-a7bdefdc8056",0.0128205128205128,,,,,,,,,,,,,,,,,,,,,,,,,,,,,,,,,,,,,,,,,,,,,,,,,,,,,,,,,,,,,,,,,,,,,,,,,,,,,,,,,,,,,,,,,,,,,,,,,,,,,,,,,,,,,,,,,,,,,,,,,,,,,,,,,,,,,,,,,,,,,,,,,,,,,,,,,,,,,,,,,,,,,,,,,,,,,,,,,,,,,,,,,,,,,,,,,,,,,,,,,,,,,,,,,,,,,,,,,,,,,,,,,,,,,,,,,,,,,,,,,,,,,,,,,,,,,,,,,,,,,,,,,,,,,,,,,,,,,,,,,,,,,,,,,,,,,,,,,,,,,,,,,,,,,,,,,,,,,,,,,,,,,,,,,,,,,,,,,,,,,,,,,,,,,,,,,,,,,,,,,,,,,,,,,,,,,,,,,,,,,,,,,,,,,,,,,,,,,,,,,,,,,,,,,,,,,,,,,,,,,,,,,,,,,,,"162",0.0128205128205128,,,,,,,,,,,,
"51","51",0.0128205128205128,,,"NG008011013;NG008011",0.0128205128205128,"diyejiri;gajibo;NG008008",0.0128205128205128,,,,,"NG008011013",0.0128205128205128,"d9a3dee0-3581-4921-9c5a-abcfd2955717",0.0128205128205128,,,,,,,,,,,,,,,,,,,,,,,,,,,,,,,,,,,,,,,,,,,,,,,,,,,,,,,,,,,,,,,,,,,,,,,,,,,,,,,,,,,,,,,,,,,,,,,,,,,,,,,,,,,,,,,,,,,,,,,,,,,,,,,,,,,,,,,,,,,,,,,,,,,,,,,,,,,,,,,,,,,,,,,,,,,,,,,,,,,,,,,,,,,,,,,,,,,,,,,,,,,,,,,,,,,,,,,,,,,,,,,,,,,,,,,,,,,,,,,,,,,,,,,,,,,,,,,,,,,,,,,,,,,,,,,,,,,,,,,,,,,,,,,,,,,,,,,,,,,,,,,,,,,,,,,,,,,,,,,,,,,,,,,,,,,,,,,,,,,,,,,,,,,,,,,,,,,,,,,,,,,,,,,,,,,,,,,,,,,,,,,,,,,,,,,,,,,,,,,,,,,,,,,,,,,,,,,,,,,,,,,,,,,,,,,"173",0.0128205128205128,,,,,,,,,,,,
"52","52",0.0128205128205128,,,"NG008015001;NG008015",0.0128205128205128,"durbe;muliye;NG008008",0.0128205128205128,,,,,"NG008015001",0.0128205128205128,"dcca909c-ce3c-4916-bcbc-18affa4ed185",0.0128205128205128,,,,,,,,,,,,,,,,,,,,,,,,,,,,,,,,,,,,,,,,,,,,,,,,,,,,,,,,,,,,,,,,,,,,,,,,,,,,,,,,,,,,,,,,,,,,,,,,,,,,,,,,,,,,,,,,,,,,,,,,,,,,,,,,,,,,,,,,,,,,,,,,,,,,,,,,,,,,,,,,,,,,,,,,,,,,,,,,,,,,,,,,,,,,,,,,,,,,,,,,,,,,,,,,,,,,,,,,,,,,,,,,,,,,,,,,,,,,,,,,,,,,,,,,,,,,,,,,,,,,,,,,,,,,,,,,,,,,,,,,,,,,,,,,,,,,,,,,,,,,,,,,,,,,,,,,,,,,,,,,,,,,,,,,,,,,,,,,,,,,,,,,,,,,,,,,,,,,,,,,,,,,,,,,,,,,,,,,,,,,,,,,,,,,,,,,,,,,,,,,,,,,,,,,,,,,,,,,,,,,,,,,,,,,,,,"196",0.0128205128205128,,,,,,,,,,,,
"53","53",0.0128205128205128,,,"NG008015004;NG008015",0.0128205128205128,"e65cf383-aa53-4791-a627-9eb0155fa8b1;NG008010010;NG008010",0.0128205128205128,,,,,"NG008015004",0.0128205128205128,"diyejiri",0.0128205128205128,,,,,,,,,,,,,,,,,,,,,,,,,,,,,,,,,,,,,,,,,,,,,,,,,,,,,,,,,,,,,,,,,,,,,,,,,,,,,,,,,,,,,,,,,,,,,,,,,,,,,,,,,,,,,,,,,,,,,,,,,,,,,,,,,,,,,,,,,,,,,,,,,,,,,,,,,,,,,,,,,,,,,,,,,,,,,,,,,,,,,,,,,,,,,,,,,,,,,,,,,,,,,,,,,,,,,,,,,,,,,,,,,,,,,,,,,,,,,,,,,,,,,,,,,,,,,,,,,,,,,,,,,,,,,,,,,,,,,,,,,,,,,,,,,,,,,,,,,,,,,,,,,,,,,,,,,,,,,,,,,,,,,,,,,,,,,,,,,,,,,,,,,,,,,,,,,,,,,,,,,,,,,,,,,,,,,,,,,,,,,,,,,,,,,,,,,,,,,,,,,,,,,,,,,,,,,,,,,,,,,,,,,,,,,,,"208",0.0128205128205128,,,,,,,,,,,,
"54","54",0.0128205128205128,,,"NG008015007;NG008015",0.0128205128205128,"ed4fe8f3-aec7-41f3-96e8-b303138bda84;NG008015001;NG008015",0.0128205128205128,,,,,"NG008015007",0.0128205128205128,"durbe",0.0128205128205128,,,,,,,,,,,,,,,,,,,,,,,,,,,,,,,,,,,,,,,,,,,,,,,,,,,,,,,,,,,,,,,,,,,,,,,,,,,,,,,,,,,,,,,,,,,,,,,,,,,,,,,,,,,,,,,,,,,,,,,,,,,,,,,,,,,,,,,,,,,,,,,,,,,,,,,,,,,,,,,,,,,,,,,,,,,,,,,,,,,,,,,,,,,,,,,,,,,,,,,,,,,,,,,,,,,,,,,,,,,,,,,,,,,,,,,,,,,,,,,,,,,,,,,,,,,,,,,,,,,,,,,,,,,,,,,,,,,,,,,,,,,,,,,,,,,,,,,,,,,,,,,,,,,,,,,,,,,,,,,,,,,,,,,,,,,,,,,,,,,,,,,,,,,,,,,,,,,,,,,,,,,,,,,,,,,,,,,,,,,,,,,,,,,,,,,,,,,,,,,,,,,,,,,,,,,,,,,,,,,,,,,,,,,,,,,,,,,,,,,,,,,,
"55","55",0.0128205128205128,,,"NG008015008;NG008015",0.0128205128205128,"f1e7f101-67f3-4d0e-a910-07ad1bdd3eed;NG008001002;NG008001",0.0128205128205128,,,,,"NG008015008",0.0128205128205128,"e65cf383-aa53-4791-a627-9eb0155fa8b1",0.0128205128205128,,,,,,,,,,,,,,,,,,,,,,,,,,,,,,,,,,,,,,,,,,,,,,,,,,,,,,,,,,,,,,,,,,,,,,,,,,,,,,,,,,,,,,,,,,,,,,,,,,,,,,,,,,,,,,,,,,,,,,,,,,,,,,,,,,,,,,,,,,,,,,,,,,,,,,,,,,,,,,,,,,,,,,,,,,,,,,,,,,,,,,,,,,,,,,,,,,,,,,,,,,,,,,,,,,,,,,,,,,,,,,,,,,,,,,,,,,,,,,,,,,,,,,,,,,,,,,,,,,,,,,,,,,,,,,,,,,,,,,,,,,,,,,,,,,,,,,,,,,,,,,,,,,,,,,,,,,,,,,,,,,,,,,,,,,,,,,,,,,,,,,,,,,,,,,,,,,,,,,,,,,,,,,,,,,,,,,,,,,,,,,,,,,,,,,,,,,,,,,,,,,,,,,,,,,,,,,,,,,,,,,,,,,,,,,,,,,,,,,,,,,,,
"56","56",0.0128205128205128,,,"NG008015009;NG008015",0.0128205128205128,"f370951f-0d7c-4ea6-867a-0f78168b9262;NG008008009;NG008008",0.0128205128205128,,,,,"NG008015009",0.0128205128205128,"ed4fe8f3-aec7-41f3-96e8-b303138bda84",0.0128205128205128,,,,,,,,,,,,,,,,,,,,,,,,,,,,,,,,,,,,,,,,,,,,,,,,,,,,,,,,,,,,,,,,,,,,,,,,,,,,,,,,,,,,,,,,,,,,,,,,,,,,,,,,,,,,,,,,,,,,,,,,,,,,,,,,,,,,,,,,,,,,,,,,,,,,,,,,,,,,,,,,,,,,,,,,,,,,,,,,,,,,,,,,,,,,,,,,,,,,,,,,,,,,,,,,,,,,,,,,,,,,,,,,,,,,,,,,,,,,,,,,,,,,,,,,,,,,,,,,,,,,,,,,,,,,,,,,,,,,,,,,,,,,,,,,,,,,,,,,,,,,,,,,,,,,,,,,,,,,,,,,,,,,,,,,,,,,,,,,,,,,,,,,,,,,,,,,,,,,,,,,,,,,,,,,,,,,,,,,,,,,,,,,,,,,,,,,,,,,,,,,,,,,,,,,,,,,,,,,,,,,,,,,,,,,,,,,,,,,,,,,,,,,
"57","57",0.0128205128205128,,,"NG008015010;NG008015",0.0128205128205128,"f7d9db94-f80c-43c7-a910-36c391133026;NG008003001;NG008003",0.0128205128205128,,,,,"NG008015010",0.0128205128205128,"f1e7f101-67f3-4d0e-a910-07ad1bdd3eed",0.0128205128205128,,,,,,,,,,,,,,,,,,,,,,,,,,,,,,,,,,,,,,,,,,,,,,,,,,,,,,,,,,,,,,,,,,,,,,,,,,,,,,,,,,,,,,,,,,,,,,,,,,,,,,,,,,,,,,,,,,,,,,,,,,,,,,,,,,,,,,,,,,,,,,,,,,,,,,,,,,,,,,,,,,,,,,,,,,,,,,,,,,,,,,,,,,,,,,,,,,,,,,,,,,,,,,,,,,,,,,,,,,,,,,,,,,,,,,,,,,,,,,,,,,,,,,,,,,,,,,,,,,,,,,,,,,,,,,,,,,,,,,,,,,,,,,,,,,,,,,,,,,,,,,,,,,,,,,,,,,,,,,,,,,,,,,,,,,,,,,,,,,,,,,,,,,,,,,,,,,,,,,,,,,,,,,,,,,,,,,,,,,,,,,,,,,,,,,,,,,,,,,,,,,,,,,,,,,,,,,,,,,,,,,,,,,,,,,,,,,,,,,,,,,,,
"58","58",0.0128205128205128,,,"NG008016007;NG008016",0.0128205128205128,"fcbd9a6c-9f8b-47ad-836b-633fa75e10ae;NG008016008;NG008016",0.0128205128205128,,,,,"NG008016007",0.0128205128205128,"f370951f-0d7c-4ea6-867a-0f78168b9262",0.0128205128205128,,,,,,,,,,,,,,,,,,,,,,,,,,,,,,,,,,,,,,,,,,,,,,,,,,,,,,,,,,,,,,,,,,,,,,,,,,,,,,,,,,,,,,,,,,,,,,,,,,,,,,,,,,,,,,,,,,,,,,,,,,,,,,,,,,,,,,,,,,,,,,,,,,,,,,,,,,,,,,,,,,,,,,,,,,,,,,,,,,,,,,,,,,,,,,,,,,,,,,,,,,,,,,,,,,,,,,,,,,,,,,,,,,,,,,,,,,,,,,,,,,,,,,,,,,,,,,,,,,,,,,,,,,,,,,,,,,,,,,,,,,,,,,,,,,,,,,,,,,,,,,,,,,,,,,,,,,,,,,,,,,,,,,,,,,,,,,,,,,,,,,,,,,,,,,,,,,,,,,,,,,,,,,,,,,,,,,,,,,,,,,,,,,,,,,,,,,,,,,,,,,,,,,,,,,,,,,,,,,,,,,,,,,,,,,,,,,,,,,,,,,,,
"59","59",0.0128205128205128,,,"NG008016008;NG008016",0.0128205128205128,"ffffe4ba-d020-4042-956c-4f9e13974bd3;NG008022007;NG008022",0.0128205128205128,,,,,"NG008016008",0.0128205128205128,"f7d9db94-f80c-43c7-a910-36c391133026",0.0128205128205128,,,,,,,,,,,,,,,,,,,,,,,,,,,,,,,,,,,,,,,,,,,,,,,,,,,,,,,,,,,,,,,,,,,,,,,,,,,,,,,,,,,,,,,,,,,,,,,,,,,,,,,,,,,,,,,,,,,,,,,,,,,,,,,,,,,,,,,,,,,,,,,,,,,,,,,,,,,,,,,,,,,,,,,,,,,,,,,,,,,,,,,,,,,,,,,,,,,,,,,,,,,,,,,,,,,,,,,,,,,,,,,,,,,,,,,,,,,,,,,,,,,,,,,,,,,,,,,,,,,,,,,,,,,,,,,,,,,,,,,,,,,,,,,,,,,,,,,,,,,,,,,,,,,,,,,,,,,,,,,,,,,,,,,,,,,,,,,,,,,,,,,,,,,,,,,,,,,,,,,,,,,,,,,,,,,,,,,,,,,,,,,,,,,,,,,,,,,,,,,,,,,,,,,,,,,,,,,,,,,,,,,,,,,,,,,,,,,,,,,,,,,,
"60","60",0.0128205128205128,,,"NG008017002;NG008017",0.0128205128205128,"kaldangari;margata;NG008008",0.0128205128205128,,,,,"NG008017002",0.0128205128205128,"fcbd9a6c-9f8b-47ad-836b-633fa75e10ae",0.0128205128205128,,,,,,,,,,,,,,,,,,,,,,,,,,,,,,,,,,,,,,,,,,,,,,,,,,,,,,,,,,,,,,,,,,,,,,,,,,,,,,,,,,,,,,,,,,,,,,,,,,,,,,,,,,,,,,,,,,,,,,,,,,,,,,,,,,,,,,,,,,,,,,,,,,,,,,,,,,,,,,,,,,,,,,,,,,,,,,,,,,,,,,,,,,,,,,,,,,,,,,,,,,,,,,,,,,,,,,,,,,,,,,,,,,,,,,,,,,,,,,,,,,,,,,,,,,,,,,,,,,,,,,,,,,,,,,,,,,,,,,,,,,,,,,,,,,,,,,,,,,,,,,,,,,,,,,,,,,,,,,,,,,,,,,,,,,,,,,,,,,,,,,,,,,,,,,,,,,,,,,,,,,,,,,,,,,,,,,,,,,,,,,,,,,,,,,,,,,,,,,,,,,,,,,,,,,,,,,,,,,,,,,,,,,,,,,,,,,,,,,,,,,,,
"61","61",0.0128205128205128,,,"NG008017005;NG008017",0.0128205128205128,"kuduge;boboshe;NG008008",0.0128205128205128,,,,,"NG008017005",0.0128205128205128,"ffffe4ba-d020-4042-956c-4f9e13974bd3",0.0128205128205128,,,,,,,,,,,,,,,,,,,,,,,,,,,,,,,,,,,,,,,,,,,,,,,,,,,,,,,,,,,,,,,,,,,,,,,,,,,,,,,,,,,,,,,,,,,,,,,,,,,,,,,,,,,,,,,,,,,,,,,,,,,,,,,,,,,,,,,,,,,,,,,,,,,,,,,,,,,,,,,,,,,,,,,,,,,,,,,,,,,,,,,,,,,,,,,,,,,,,,,,,,,,,,,,,,,,,,,,,,,,,,,,,,,,,,,,,,,,,,,,,,,,,,,,,,,,,,,,,,,,,,,,,,,,,,,,,,,,,,,,,,,,,,,,,,,,,,,,,,,,,,,,,,,,,,,,,,,,,,,,,,,,,,,,,,,,,,,,,,,,,,,,,,,,,,,,,,,,,,,,,,,,,,,,,,,,,,,,,,,,,,,,,,,,,,,,,,,,,,,,,,,,,,,,,,,,,,,,,,,,,,,,,,,,,,,,,,,,,,,,,,,,
"62","62",0.0128205128205128,,,"NG008017008;NG008017",0.0128205128205128,"other;m._kaza;NG008008",0.0128205128205128,,,,,"NG008017008",0.0128205128205128,"kaldangari",0.0128205128205128,,,,,,,,,,,,,,,,,,,,,,,,,,,,,,,,,,,,,,,,,,,,,,,,,,,,,,,,,,,,,,,,,,,,,,,,,,,,,,,,,,,,,,,,,,,,,,,,,,,,,,,,,,,,,,,,,,,,,,,,,,,,,,,,,,,,,,,,,,,,,,,,,,,,,,,,,,,,,,,,,,,,,,,,,,,,,,,,,,,,,,,,,,,,,,,,,,,,,,,,,,,,,,,,,,,,,,,,,,,,,,,,,,,,,,,,,,,,,,,,,,,,,,,,,,,,,,,,,,,,,,,,,,,,,,,,,,,,,,,,,,,,,,,,,,,,,,,,,,,,,,,,,,,,,,,,,,,,,,,,,,,,,,,,,,,,,,,,,,,,,,,,,,,,,,,,,,,,,,,,,,,,,,,,,,,,,,,,,,,,,,,,,,,,,,,,,,,,,,,,,,,,,,,,,,,,,,,,,,,,,,,,,,,,,,,,,,,,,,,,,,,,
"63","63",0.0128205128205128,,,"NG008019003;NG008019",0.0128205128205128,"other;m._maja;NG008008",0.0128205128205128,,,,,"NG008019003",0.0128205128205128,"kuduge",0.0128205128205128,,,,,,,,,,,,,,,,,,,,,,,,,,,,,,,,,,,,,,,,,,,,,,,,,,,,,,,,,,,,,,,,,,,,,,,,,,,,,,,,,,,,,,,,,,,,,,,,,,,,,,,,,,,,,,,,,,,,,,,,,,,,,,,,,,,,,,,,,,,,,,,,,,,,,,,,,,,,,,,,,,,,,,,,,,,,,,,,,,,,,,,,,,,,,,,,,,,,,,,,,,,,,,,,,,,,,,,,,,,,,,,,,,,,,,,,,,,,,,,,,,,,,,,,,,,,,,,,,,,,,,,,,,,,,,,,,,,,,,,,,,,,,,,,,,,,,,,,,,,,,,,,,,,,,,,,,,,,,,,,,,,,,,,,,,,,,,,,,,,,,,,,,,,,,,,,,,,,,,,,,,,,,,,,,,,,,,,,,,,,,,,,,,,,,,,,,,,,,,,,,,,,,,,,,,,,,,,,,,,,,,,,,,,,,,,,,,,,,,,,,,,,
"64","64",0.0128205128205128,,,"NG008019012;NG008019",0.0128205128205128,"valengade;hambagda;NG008011",0.0128205128205128,,,,,"NG008019012",0.0128205128205128,"valengade",0.0128205128205128,,,,,,,,,,,,,,,,,,,,,,,,,,,,,,,,,,,,,,,,,,,,,,,,,,,,,,,,,,,,,,,,,,,,,,,,,,,,,,,,,,,,,,,,,,,,,,,,,,,,,,,,,,,,,,,,,,,,,,,,,,,,,,,,,,,,,,,,,,,,,,,,,,,,,,,,,,,,,,,,,,,,,,,,,,,,,,,,,,,,,,,,,,,,,,,,,,,,,,,,,,,,,,,,,,,,,,,,,,,,,,,,,,,,,,,,,,,,,,,,,,,,,,,,,,,,,,,,,,,,,,,,,,,,,,,,,,,,,,,,,,,,,,,,,,,,,,,,,,,,,,,,,,,,,,,,,,,,,,,,,,,,,,,,,,,,,,,,,,,,,,,,,,,,,,,,,,,,,,,,,,,,,,,,,,,,,,,,,,,,,,,,,,,,,,,,,,,,,,,,,,,,,,,,,,,,,,,,,,,,,,,,,,,,,,,,,,,,,,,,,,,,
"65","65",0.0128205128205128,,,"NG008022001;NG008022",0.0128205128205128,"xxxxxxxx-xxxx-xxxx-xxxx-xxxxxxxxxxxx;NG008003003;NG008003",0.0128205128205128,,,,,"NG008022001",0.0128205128205128,,,,,,,,,,,,,,,,,,,,,,,,,,,,,,,,,,,,,,,,,,,,,,,,,,,,,,,,,,,,,,,,,,,,,,,,,,,,,,,,,,,,,,,,,,,,,,,,,,,,,,,,,,,,,,,,,,,,,,,,,,,,,,,,,,,,,,,,,,,,,,,,,,,,,,,,,,,,,,,,,,,,,,,,,,,,,,,,,,,,,,,,,,,,,,,,,,,,,,,,,,,,,,,,,,,,,,,,,,,,,,,,,,,,,,,,,,,,,,,,,,,,,,,,,,,,,,,,,,,,,,,,,,,,,,,,,,,,,,,,,,,,,,,,,,,,,,,,,,,,,,,,,,,,,,,,,,,,,,,,,,,,,,,,,,,,,,,,,,,,,,,,,,,,,,,,,,,,,,,,,,,,,,,,,,,,,,,,,,,,,,,,,,,,,,,,,,,,,,,,,,,,,,,,,,,,,,,,,,,,,,,,,,,,,,,,,,,,,,,,,,,,,,
"66","66",0.0128205128205128,,,"NG008022003;NG008022",0.0128205128205128,"xxxxxxxx-xxxx-xxxx-xxxx-xxxxxxxxxxxx;NG008003004;NG008003",0.0128205128205128,,,,,"NG008022003",0.0128205128205128,,,,,,,,,,,,,,,,,,,,,,,,,,,,,,,,,,,,,,,,,,,,,,,,,,,,,,,,,,,,,,,,,,,,,,,,,,,,,,,,,,,,,,,,,,,,,,,,,,,,,,,,,,,,,,,,,,,,,,,,,,,,,,,,,,,,,,,,,,,,,,,,,,,,,,,,,,,,,,,,,,,,,,,,,,,,,,,,,,,,,,,,,,,,,,,,,,,,,,,,,,,,,,,,,,,,,,,,,,,,,,,,,,,,,,,,,,,,,,,,,,,,,,,,,,,,,,,,,,,,,,,,,,,,,,,,,,,,,,,,,,,,,,,,,,,,,,,,,,,,,,,,,,,,,,,,,,,,,,,,,,,,,,,,,,,,,,,,,,,,,,,,,,,,,,,,,,,,,,,,,,,,,,,,,,,,,,,,,,,,,,,,,,,,,,,,,,,,,,,,,,,,,,,,,,,,,,,,,,,,,,,,,,,,,,,,,,,,,,,,,,,,,,
"67","67",0.0128205128205128,,,"NG008022005;NG008022",0.0128205128205128,"xxxxxxxx-xxxx-xxxx-xxxx-xxxxxxxxxxxx;NG008003006;NG008003",0.0128205128205128,,,,,"NG008022005",0.0128205128205128,,,,,,,,,,,,,,,,,,,,,,,,,,,,,,,,,,,,,,,,,,,,,,,,,,,,,,,,,,,,,,,,,,,,,,,,,,,,,,,,,,,,,,,,,,,,,,,,,,,,,,,,,,,,,,,,,,,,,,,,,,,,,,,,,,,,,,,,,,,,,,,,,,,,,,,,,,,,,,,,,,,,,,,,,,,,,,,,,,,,,,,,,,,,,,,,,,,,,,,,,,,,,,,,,,,,,,,,,,,,,,,,,,,,,,,,,,,,,,,,,,,,,,,,,,,,,,,,,,,,,,,,,,,,,,,,,,,,,,,,,,,,,,,,,,,,,,,,,,,,,,,,,,,,,,,,,,,,,,,,,,,,,,,,,,,,,,,,,,,,,,,,,,,,,,,,,,,,,,,,,,,,,,,,,,,,,,,,,,,,,,,,,,,,,,,,,,,,,,,,,,,,,,,,,,,,,,,,,,,,,,,,,,,,,,,,,,,,,,,,,,,,,,
"68","68",0.0128205128205128,,,"NG008022006;NG008022",0.0128205128205128,"xxxxxxxx-xxxx-xxxx-xxxx-xxxxxxxxxxxx;NG008003007;NG008003",0.0128205128205128,,,,,"NG008022006",0.0128205128205128,,,,,,,,,,,,,,,,,,,,,,,,,,,,,,,,,,,,,,,,,,,,,,,,,,,,,,,,,,,,,,,,,,,,,,,,,,,,,,,,,,,,,,,,,,,,,,,,,,,,,,,,,,,,,,,,,,,,,,,,,,,,,,,,,,,,,,,,,,,,,,,,,,,,,,,,,,,,,,,,,,,,,,,,,,,,,,,,,,,,,,,,,,,,,,,,,,,,,,,,,,,,,,,,,,,,,,,,,,,,,,,,,,,,,,,,,,,,,,,,,,,,,,,,,,,,,,,,,,,,,,,,,,,,,,,,,,,,,,,,,,,,,,,,,,,,,,,,,,,,,,,,,,,,,,,,,,,,,,,,,,,,,,,,,,,,,,,,,,,,,,,,,,,,,,,,,,,,,,,,,,,,,,,,,,,,,,,,,,,,,,,,,,,,,,,,,,,,,,,,,,,,,,,,,,,,,,,,,,,,,,,,,,,,,,,,,,,,,,,,,,,,,,
"69","69",0.0128205128205128,,,"NG008022007;NG008022",0.0128205128205128,"xxxxxxxx-xxxx-xxxx-xxxx-xxxxxxxxxxxx;NG008003009;NG008003",0.0128205128205128,,,,,"NG008022007",0.0128205128205128,,,,,,,,,,,,,,,,,,,,,,,,,,,,,,,,,,,,,,,,,,,,,,,,,,,,,,,,,,,,,,,,,,,,,,,,,,,,,,,,,,,,,,,,,,,,,,,,,,,,,,,,,,,,,,,,,,,,,,,,,,,,,,,,,,,,,,,,,,,,,,,,,,,,,,,,,,,,,,,,,,,,,,,,,,,,,,,,,,,,,,,,,,,,,,,,,,,,,,,,,,,,,,,,,,,,,,,,,,,,,,,,,,,,,,,,,,,,,,,,,,,,,,,,,,,,,,,,,,,,,,,,,,,,,,,,,,,,,,,,,,,,,,,,,,,,,,,,,,,,,,,,,,,,,,,,,,,,,,,,,,,,,,,,,,,,,,,,,,,,,,,,,,,,,,,,,,,,,,,,,,,,,,,,,,,,,,,,,,,,,,,,,,,,,,,,,,,,,,,,,,,,,,,,,,,,,,,,,,,,,,,,,,,,,,,,,,,,,,,,,,,,,,
"70","70",0.0128205128205128,,,"NG008022008;NG008022",0.0128205128205128,"xxxxxxxx-xxxx-xxxx-xxxx-xxxxxxxxxxxx;NG008003xxx;NG008003",0.0128205128205128,,,,,"NG008022008",0.0128205128205128,,,,,,,,,,,,,,,,,,,,,,,,,,,,,,,,,,,,,,,,,,,,,,,,,,,,,,,,,,,,,,,,,,,,,,,,,,,,,,,,,,,,,,,,,,,,,,,,,,,,,,,,,,,,,,,,,,,,,,,,,,,,,,,,,,,,,,,,,,,,,,,,,,,,,,,,,,,,,,,,,,,,,,,,,,,,,,,,,,,,,,,,,,,,,,,,,,,,,,,,,,,,,,,,,,,,,,,,,,,,,,,,,,,,,,,,,,,,,,,,,,,,,,,,,,,,,,,,,,,,,,,,,,,,,,,,,,,,,,,,,,,,,,,,,,,,,,,,,,,,,,,,,,,,,,,,,,,,,,,,,,,,,,,,,,,,,,,,,,,,,,,,,,,,,,,,,,,,,,,,,,,,,,,,,,,,,,,,,,,,,,,,,,,,,,,,,,,,,,,,,,,,,,,,,,,,,,,,,,,,,,,,,,,,,,,,,,,,,,,,,,,,,,
"71","71",0.0128205128205128,,,"NG008022010;NG008022",0.0128205128205128,"xxxxxxxx-xxxx-xxxx-xxxx-xxxxxxxxxxxx;NG008008010;NG008008",0.0128205128205128,,,,,"NG008022010",0.0128205128205128,,,,,,,,,,,,,,,,,,,,,,,,,,,,,,,,,,,,,,,,,,,,,,,,,,,,,,,,,,,,,,,,,,,,,,,,,,,,,,,,,,,,,,,,,,,,,,,,,,,,,,,,,,,,,,,,,,,,,,,,,,,,,,,,,,,,,,,,,,,,,,,,,,,,,,,,,,,,,,,,,,,,,,,,,,,,,,,,,,,,,,,,,,,,,,,,,,,,,,,,,,,,,,,,,,,,,,,,,,,,,,,,,,,,,,,,,,,,,,,,,,,,,,,,,,,,,,,,,,,,,,,,,,,,,,,,,,,,,,,,,,,,,,,,,,,,,,,,,,,,,,,,,,,,,,,,,,,,,,,,,,,,,,,,,,,,,,,,,,,,,,,,,,,,,,,,,,,,,,,,,,,,,,,,,,,,,,,,,,,,,,,,,,,,,,,,,,,,,,,,,,,,,,,,,,,,,,,,,,,,,,,,,,,,,,,,,,,,,,,,,,,,,,
"72","72",0.0128205128205128,,,"NG008022011;NG008022",0.0128205128205128,"xxxxxxxx-xxxx-xxxx-xxxx-xxxxxxxxxxxx;NG008015004;NG008015",0.0128205128205128,,,,,"NG008022011",0.0128205128205128,,,,,,,,,,,,,,,,,,,,,,,,,,,,,,,,,,,,,,,,,,,,,,,,,,,,,,,,,,,,,,,,,,,,,,,,,,,,,,,,,,,,,,,,,,,,,,,,,,,,,,,,,,,,,,,,,,,,,,,,,,,,,,,,,,,,,,,,,,,,,,,,,,,,,,,,,,,,,,,,,,,,,,,,,,,,,,,,,,,,,,,,,,,,,,,,,,,,,,,,,,,,,,,,,,,,,,,,,,,,,,,,,,,,,,,,,,,,,,,,,,,,,,,,,,,,,,,,,,,,,,,,,,,,,,,,,,,,,,,,,,,,,,,,,,,,,,,,,,,,,,,,,,,,,,,,,,,,,,,,,,,,,,,,,,,,,,,,,,,,,,,,,,,,,,,,,,,,,,,,,,,,,,,,,,,,,,,,,,,,,,,,,,,,,,,,,,,,,,,,,,,,,,,,,,,,,,,,,,,,,,,,,,,,,,,,,,,,,,,,,,,,,,
"73","73",0.0128205128205128,,,"NG008022013;NG008022",0.0128205128205128,"xxxxxxxx-xxxx-xxxx-xxxx-xxxxxxxxxxxx;NG008015009;NG008015",0.0128205128205128,,,,,"NG008022013",0.0128205128205128,,,,,,,,,,,,,,,,,,,,,,,,,,,,,,,,,,,,,,,,,,,,,,,,,,,,,,,,,,,,,,,,,,,,,,,,,,,,,,,,,,,,,,,,,,,,,,,,,,,,,,,,,,,,,,,,,,,,,,,,,,,,,,,,,,,,,,,,,,,,,,,,,,,,,,,,,,,,,,,,,,,,,,,,,,,,,,,,,,,,,,,,,,,,,,,,,,,,,,,,,,,,,,,,,,,,,,,,,,,,,,,,,,,,,,,,,,,,,,,,,,,,,,,,,,,,,,,,,,,,,,,,,,,,,,,,,,,,,,,,,,,,,,,,,,,,,,,,,,,,,,,,,,,,,,,,,,,,,,,,,,,,,,,,,,,,,,,,,,,,,,,,,,,,,,,,,,,,,,,,,,,,,,,,,,,,,,,,,,,,,,,,,,,,,,,,,,,,,,,,,,,,,,,,,,,,,,,,,,,,,,,,,,,,,,,,,,,,,,,,,,,,,,
"74","74",0.0128205128205128,,,"NG008025005;NG008025",0.0128205128205128,"xxxxxxxx-xxxx-xxxx-xxxx-xxxxxxxxxxxx;NG008017008;NG008017",0.0128205128205128,,,,,"NG008025005",0.0128205128205128,,,,,,,,,,,,,,,,,,,,,,,,,,,,,,,,,,,,,,,,,,,,,,,,,,,,,,,,,,,,,,,,,,,,,,,,,,,,,,,,,,,,,,,,,,,,,,,,,,,,,,,,,,,,,,,,,,,,,,,,,,,,,,,,,,,,,,,,,,,,,,,,,,,,,,,,,,,,,,,,,,,,,,,,,,,,,,,,,,,,,,,,,,,,,,,,,,,,,,,,,,,,,,,,,,,,,,,,,,,,,,,,,,,,,,,,,,,,,,,,,,,,,,,,,,,,,,,,,,,,,,,,,,,,,,,,,,,,,,,,,,,,,,,,,,,,,,,,,,,,,,,,,,,,,,,,,,,,,,,,,,,,,,,,,,,,,,,,,,,,,,,,,,,,,,,,,,,,,,,,,,,,,,,,,,,,,,,,,,,,,,,,,,,,,,,,,,,,,,,,,,,,,,,,,,,,,,,,,,,,,,,,,,,,,,,,,,,,,,,,,,,,,,
"75","75",0.0128205128205128,,,"NG008025010;NG008025",0.0128205128205128,"xxxxxxxx-xxxx-xxxx-xxxx-xxxxxxxxxxxx;NG008022003;NG008022",0.0128205128205128,,,,,"NG008025010",0.0128205128205128,,,,,,,,,,,,,,,,,,,,,,,,,,,,,,,,,,,,,,,,,,,,,,,,,,,,,,,,,,,,,,,,,,,,,,,,,,,,,,,,,,,,,,,,,,,,,,,,,,,,,,,,,,,,,,,,,,,,,,,,,,,,,,,,,,,,,,,,,,,,,,,,,,,,,,,,,,,,,,,,,,,,,,,,,,,,,,,,,,,,,,,,,,,,,,,,,,,,,,,,,,,,,,,,,,,,,,,,,,,,,,,,,,,,,,,,,,,,,,,,,,,,,,,,,,,,,,,,,,,,,,,,,,,,,,,,,,,,,,,,,,,,,,,,,,,,,,,,,,,,,,,,,,,,,,,,,,,,,,,,,,,,,,,,,,,,,,,,,,,,,,,,,,,,,,,,,,,,,,,,,,,,,,,,,,,,,,,,,,,,,,,,,,,,,,,,,,,,,,,,,,,,,,,,,,,,,,,,,,,,,,,,,,,,,,,,,,,,,,,,,,,,,,
"76","76",0.0128205128205128,,,"NG008025011;NG008025",0.0128205128205128,"xxxxxxxx-xxxx-xxxx-xxxx-xxxxxxxxxxxx;NG008022005;NG008022",0.0128205128205128,,,,,"NG008025011",0.0128205128205128,,,,,,,,,,,,,,,,,,,,,,,,,,,,,,,,,,,,,,,,,,,,,,,,,,,,,,,,,,,,,,,,,,,,,,,,,,,,,,,,,,,,,,,,,,,,,,,,,,,,,,,,,,,,,,,,,,,,,,,,,,,,,,,,,,,,,,,,,,,,,,,,,,,,,,,,,,,,,,,,,,,,,,,,,,,,,,,,,,,,,,,,,,,,,,,,,,,,,,,,,,,,,,,,,,,,,,,,,,,,,,,,,,,,,,,,,,,,,,,,,,,,,,,,,,,,,,,,,,,,,,,,,,,,,,,,,,,,,,,,,,,,,,,,,,,,,,,,,,,,,,,,,,,,,,,,,,,,,,,,,,,,,,,,,,,,,,,,,,,,,,,,,,,,,,,,,,,,,,,,,,,,,,,,,,,,,,,,,,,,,,,,,,,,,,,,,,,,,,,,,,,,,,,,,,,,,,,,,,,,,,,,,,,,,,,,,,,,,,,,,,,,,,
"77","77",0.0128205128205128,,,"ngudoram;NG008008",0.0128205128205128,"xxxxxxxx-xxxx-xxxx-xxxx-xxxxxxxxxxxx;NG008022008;NG008022",0.0128205128205128,,,,,"ngudoram",0.0128205128205128,,,,,,,,,,,,,,,,,,,,,,,,,,,,,,,,,,,,,,,,,,,,,,,,,,,,,,,,,,,,,,,,,,,,,,,,,,,,,,,,,,,,,,,,,,,,,,,,,,,,,,,,,,,,,,,,,,,,,,,,,,,,,,,,,,,,,,,,,,,,,,,,,,,,,,,,,,,,,,,,,,,,,,,,,,,,,,,,,,,,,,,,,,,,,,,,,,,,,,,,,,,,,,,,,,,,,,,,,,,,,,,,,,,,,,,,,,,,,,,,,,,,,,,,,,,,,,,,,,,,,,,,,,,,,,,,,,,,,,,,,,,,,,,,,,,,,,,,,,,,,,,,,,,,,,,,,,,,,,,,,,,,,,,,,,,,,,,,,,,,,,,,,,,,,,,,,,,,,,,,,,,,,,,,,,,,,,,,,,,,,,,,,,,,,,,,,,,,,,,,,,,,,,,,,,,,,,,,,,,,,,,,,,,,,,,,,,,,,,,,,,,,,,
"78","78",0.0128205128205128,,,"ufaye;NG008008",0.0128205128205128,"xxxxxxxx-xxxx-xxxx-xxxx-xxxxxxxxxxxx;NG008022011;NG008022",0.0128205128205128,,,,,"ufaye",0.0128205128205128,,,,,,,,,,,,,,,,,,,,,,,,,,,,,,,,,,,,,,,,,,,,,,,,,,,,,,,,,,,,,,,,,,,,,,,,,,,,,,,,,,,,,,,,,,,,,,,,,,,,,,,,,,,,,,,,,,,,,,,,,,,,,,,,,,,,,,,,,,,,,,,,,,,,,,,,,,,,,,,,,,,,,,,,,,,,,,,,,,,,,,,,,,,,,,,,,,,,,,,,,,,,,,,,,,,,,,,,,,,,,,,,,,,,,,,,,,,,,,,,,,,,,,,,,,,,,,,,,,,,,,,,,,,,,,,,,,,,,,,,,,,,,,,,,,,,,,,,,,,,,,,,,,,,,,,,,,,,,,,,,,,,,,,,,,,,,,,,,,,,,,,,,,,,,,,,,,,,,,,,,,,,,,,,,,,,,,,,,,,,,,,,,,,,,,,,,,,,,,,,,,,,,,,,,,,,,,,,,,,,,,,,,,,,,,,,,,,,,,,,,,,,,,
